	clade	logistic_growth	num_s1_muts	ORF1a_L3606F	S_L452R	N_M234I	M_I82T	S_P681H	N_T205I	S_L18F	ORF1a_3675/3676/3677del	ORF1a_T3255I	S_E484K
0	NODE_0000029	-5.418346109208476	0	0.6986301369863014	0.0	0.0	0.0	0.0	0.013157894736842105	0.0	0.0	0.0	0.0
1	NODE_0001673	-5.418346109208476	0	0.9807692307692307	0.0	0.0	0.0	0.0	0.01818181818181818	0.0	0.0	0.0	0.0
2	NODE_0001693	-5.418346109208476	0	0.96875	0.0	0.0	0.0	0.0	0.02857142857142857	0.0	0.0	0.0	0.0
3	NODE_0001695	-5.418346109208476	0	0.967741935483871	0.0	0.0	0.0	0.0	0.030303030303030304	0.0	0.0	0.0	0.0
4	NODE_0000076	-5.418346109208476	0	1.0	0.0	0.0	0.0	0.0	0.0	0.0	0.0	0.0	0.0
5	NODE_0000082	-5.418346109208476	0	1.0	0.0	0.0	0.0	0.0	0.0	0.0	0.0	0.0	0.0
6	NODE_0000084	-5.418346109208476	0	1.0	0.0	0.0	0.0	0.0	0.0	0.0	0.0	0.0	0.0
7	NODE_0000085	-5.418346109208476	0	1.0	0.0	0.0	0.0	0.0	0.0	0.0	0.0	0.0	0.0
8	NODE_0000086	-5.418346109208476	0	1.0	0.0	0.0	0.0	0.0	0.0	0.0	0.0	0.0	0.0
9	NODE_0000087	-5.418346109208476	0	1.0	0.0	0.0	0.0	0.0	0.0	0.0	0.0	0.0	0.0
10	NODE_0000088	-5.418346109208476	0	1.0	0.0	0.0	0.0	0.0	0.0	0.0	0.0	0.0	0.0
11	NODE_0001713	-5.418346109208476	0	1.0	0.0	0.0	0.0	0.0	0.0	0.0	0.0	0.0	0.0
12	NODE_0000083	-5.418346109208476	0	1.0	0.0	0.0	0.0	0.0	0.0	0.0	0.0	0.0	0.0
13	NODE_0000090	-5.418346109208476	0	1.0	0.0	0.0	0.0	0.0	0.0	0.0	0.0	0.0	0.0
14	NODE_0000093	-5.418346109208476	0	1.0	0.0	0.0	0.0	0.0	0.0	0.0	0.0	0.0	0.0
15	NODE_0000095	-5.418346109208476	0	1.0	0.0	0.0	0.0	0.0	0.0	0.0	0.0	0.0	0.0
16	NODE_0001718	-5.418346109208476	0	1.0	0.0	0.0	0.0	0.0	0.0	0.0	0.0	0.0	0.0
17	NODE_0001729	-0.22010255986291444	0	0.027777777777777776	0.3188405797101449	0.24305555555555555	0.007042253521126761	0.013888888888888888	0.0	0.04964539007092199	0.0	0.2361111111111111	0.007194244604316547
18	NODE_0001754	-0.22010255986291444	0	0.0	0.7083333333333334	0.6938775510204082	0.0	0.0	0.0	0.0	0.0	0.6938775510204082	0.0
19	NODE_0001762	-0.22010255986291444	0	0.0	0.8292682926829268	0.8292682926829268	0.0	0.0	0.0	0.0	0.0	0.8292682926829268	0.0
20	NODE_0001769	-0.22010255986291444	3	0.0	1.0	1.0	0.0	0.0	0.0	0.0	0.0	1.0	0.0
21	NODE_0001776	-0.22010255986291444	3	0.0	1.0	1.0	0.0	0.0	0.0	0.0	0.0	1.0	0.0
22	NODE_0000139	-0.22010255986291444	3	0.0	1.0	1.0	0.0	0.0	0.0	0.0	0.0	1.0	0.0
23	NODE_0001778	-0.22010255986291444	3	0.0	1.0	1.0	0.0	0.0	0.0	0.0	0.0	1.0	0.0
24	NODE_0000132	-0.22010255986291444	3	0.0	1.0	1.0	0.0	0.0	0.0	0.0	0.0	1.0	0.0
25	NODE_0000145	-0.22010255986291444	3	0.0	1.0	1.0	0.0	0.0	0.0	0.0	0.0	1.0	0.0
26	NODE_0001792	-0.22010255986291444	3	0.0	1.0	1.0	0.0	0.0	0.0	0.0	0.0	1.0	0.0
27	NODE_0001802	-3.9312703434692415	0	0.04225352112676056	0.14705882352941177	0.014084507042253521	0.014084507042253521	0.028169014084507043	0.0	0.1	0.0	0.0	0.014705882352941176
28	NODE_0000154	-3.9312703434692415	0	0.04477611940298507	0.15625	0.014925373134328358	0.014925373134328358	0.029850746268656716	0.0	0.10606060606060606	0.0	0.0	0.015625
29	NODE_0001844	-3.9312703434692415	0	0.0	0.0	0.034482758620689655	0.034482758620689655	0.034482758620689655	0.0	0.0	0.0	0.0	0.038461538461538464
30	NODE_0001846	-3.9312703434692415	0	0.0	0.0	0.037037037037037035	0.037037037037037035	0.037037037037037035	0.0	0.0	0.0	0.0	0.041666666666666664
31	NODE_0000167	-3.9312703434692415	0	0.0	0.0	0.0	0.0	0.0	0.0	0.0	0.0	0.0	0.0
32	NODE_0001849	-3.9312703434692415	3	0.0	0.0	0.0	0.0	0.0	0.0	0.0	0.0	0.0	0.0
33	NODE_0001850	-3.9312703434692415	3	0.0	0.0	0.0	0.0	0.0	0.0	0.0	0.0	0.0	0.0
34	NODE_0001851	-3.9312703434692415	4	0.0	0.0	0.0	0.0	0.0	0.0	0.0	0.0	0.0	0.0
35	NODE_0000174	-3.9312703434692415	4	0.0	0.0	0.0	0.0	0.0	0.0	0.0	0.0	0.0	0.0
36	NODE_0000191	-3.9312703434692415	0	0.07894736842105263	0.2631578947368421	0.0	0.0	0.02631578947368421	0.0	0.1891891891891892	0.0	0.0	0.0
37	NODE_0000193	-3.9312703434692415	0	0.0	0.3333333333333333	0.0	0.0	0.0	0.0	0.08333333333333333	0.0	0.0	0.0
38	NODE_0001834	-3.9312703434692415	1	0.0	0.36363636363636365	0.0	0.0	0.0	0.0	0.09090909090909091	0.0	0.0	0.0
39	NODE_0001835	-3.9312703434692415	1	0.0	0.4	0.0	0.0	0.0	0.0	0.0	0.0	0.0	0.0
40	NODE_0000200	-3.9312703434692415	0	0.11538461538461539	0.23076923076923078	0.0	0.0	0.038461538461538464	0.0	0.24	0.0	0.0	0.0
41	NODE_0000206	-3.9312703434692415	0	0.12	0.24	0.0	0.0	0.04	0.0	0.25	0.0	0.0	0.0
42	NODE_0000211	-3.9312703434692415	0	0.125	0.25	0.0	0.0	0.041666666666666664	0.0	0.2608695652173913	0.0	0.0	0.0
43	NODE_0000219	-3.9312703434692415	0	0.09523809523809523	0.2857142857142857	0.0	0.0	0.047619047619047616	0.0	0.3	0.0	0.0	0.0
44	NODE_0001814	-3.9312703434692415	0	0.1	0.3	0.0	0.0	0.05	0.0	0.3157894736842105	0.0	0.0	0.0
45	NODE_0000221	-3.9312703434692415	0	0.10526315789473684	0.3157894736842105	0.0	0.0	0.05263157894736842	0.0	0.3333333333333333	0.0	0.0	0.0
46	NODE_0000224	-3.9312703434692415	0	0.1111111111111111	0.3333333333333333	0.0	0.0	0.05555555555555555	0.0	0.35294117647058826	0.0	0.0	0.0
47	NODE_0000225	-3.9312703434692415	0	0.11764705882352941	0.35294117647058826	0.0	0.0	0.058823529411764705	0.0	0.375	0.0	0.0	0.0
48	NODE_0001822	-3.9312703434692415	0	0.16666666666666666	0.5	0.0	0.0	0.08333333333333333	0.0	0.5454545454545454	0.0	0.0	0.0
49	NODE_0000434	-3.0849152699959443	1	0.04736842105263158	0.0	0.06315789473684211	0.0	0.07291666666666667	0.020942408376963352	0.010471204188481676	0.010471204188481676	0.010416666666666666	0.0
50	NODE_0000228	-3.0849152699959443	1	0.047872340425531915	0.0	0.06382978723404255	0.0	0.07368421052631578	0.021164021164021163	0.010582010582010581	0.010582010582010581	0.010526315789473684	0.0
51	NODE_0000264	-3.0849152699959443	1	0.04864864864864865	0.0	0.06486486486486487	0.0	0.0748663101604278	0.021505376344086023	0.010752688172043012	0.010752688172043012	0.0106951871657754	0.0
52	NODE_0000267	-3.0849152699959443	1	0.04918032786885246	0.0	0.06557377049180328	0.0	0.07567567567567568	0.021739130434782608	0.010869565217391304	0.010869565217391304	0.010810810810810811	0.0
53	NODE_0000268	-0.11028521102256643	1	0.0784313725490196	0.0	0.18	0.0	0.0	0.02	0.0392156862745098	0.0392156862745098	0.0196078431372549	0.0
54	NODE_0000435	-0.11028521102256643	1	0.08	0.0	0.1836734693877551	0.0	0.0	0.02040816326530612	0.04	0.04	0.02	0.0
55	NODE_0000271	-0.11028521102256643	1	0.08163265306122448	0.0	0.1875	0.0	0.0	0.020833333333333332	0.04081632653061224	0.04081632653061224	0.02040816326530612	0.0
56	NODE_0000272	-0.11028521102256643	1	0.08333333333333333	0.0	0.19148936170212766	0.0	0.0	0.02127659574468085	0.041666666666666664	0.041666666666666664	0.020833333333333332	0.0
57	NODE_0000441	-0.11028521102256643	1	0.09090909090909091	0.0	0.20930232558139536	0.0	0.0	0.023255813953488372	0.0	0.0	0.022727272727272728	0.0
58	NODE_0000443	-0.11028521102256643	2	0.09523809523809523	0.0	0.21951219512195122	0.0	0.0	0.024390243902439025	0.0	0.0	0.023809523809523808	0.0
59	NODE_0000446	-0.11028521102256643	2	0.10256410256410256	0.0	0.23684210526315788	0.0	0.0	0.02631578947368421	0.0	0.0	0.02564102564102564	0.0
60	NODE_0000449	-0.11028521102256643	3	0.08333333333333333	0.0	0.2571428571428571	0.0	0.0	0.02857142857142857	0.0	0.0	0.027777777777777776	0.0
61	NODE_0000474	-0.11028521102256643	4	0.09090909090909091	0.0	0.8181818181818182	0.0	0.0	0.0	0.0	0.0	0.0	0.0
62	NODE_0000315	-5.067235047994751	1	0.03787878787878788	0.0	0.022556390977443608	0.0	0.1044776119402985	0.022388059701492536	0.0	0.0	0.007462686567164179	0.0
63	NODE_0000324	-5.067235047994751	1	0.0390625	0.0	0.023076923076923078	0.0	0.1076923076923077	0.023076923076923078	0.0	0.0	0.007692307692307693	0.0
64	NODE_0000325	-5.067235047994751	1	0.0	0.0	0.0	0.0	0.03225806451612903	0.03225806451612903	0.0	0.0	0.0	0.0
65	NODE_0000326	-5.067235047994751	1	0.0	0.0	0.0	0.0	0.0	0.08333333333333333	0.0	0.0	0.0	0.0
66	NODE_0000357	-4.270762466400915	1	0.05102040816326531	0.0	0.030303030303030304	0.0	0.13131313131313133	0.020202020202020204	0.0	0.0	0.010101010101010102	0.0
67	NODE_0000366	-4.270762466400915	1	0.05434782608695652	0.0	0.03225806451612903	0.0	0.13978494623655913	0.021505376344086023	0.0	0.0	0.010752688172043012	0.0
68	NODE_0000367	-4.270762466400915	1	0.054945054945054944	0.0	0.03260869565217391	0.0	0.14130434782608695	0.021739130434782608	0.0	0.0	0.010869565217391304	0.0
69	NODE_0000369	-4.270762466400915	1	0.0	0.0	0.0	0.0	0.15789473684210525	0.05263157894736842	0.0	0.0	0.0	0.0
70	NODE_0000385	-4.270762466400915	1	0.0	0.0	0.0	0.0	0.2727272727272727	0.09090909090909091	0.0	0.0	0.0	0.0
71	NODE_0000395	-6.943965526530387	1	0.06944444444444445	0.0	0.0410958904109589	0.0	0.136986301369863	0.0136986301369863	0.0	0.0	0.0136986301369863	0.0
72	NODE_0000554	-6.943965526530387	1	0.07042253521126761	0.0	0.041666666666666664	0.0	0.1388888888888889	0.013888888888888888	0.0	0.0	0.013888888888888888	0.0
73	NODE_0000337	-6.943965526530387	1	0.07142857142857142	0.0	0.04225352112676056	0.0	0.14084507042253522	0.014084507042253521	0.0	0.0	0.014084507042253521	0.0
74	NODE_0000338	-6.943965526530387	1	0.07246376811594203	0.0	0.04285714285714286	0.0	0.14285714285714285	0.014285714285714285	0.0	0.0	0.014285714285714285	0.0
75	NODE_0000400	-6.886135931528504	1	0.07575757575757576	0.0	0.0	0.0	0.14925373134328357	0.014925373134328358	0.0	0.0	0.014925373134328358	0.0
76	NODE_0000403	-4.895081718924376	1	0.06349206349206349	0.0	0.0	0.0	0.15625	0.015625	0.0	0.0	0.015625	0.0
77	NODE_0000404	-4.895081718924376	1	0.06451612903225806	0.0	0.0	0.0	0.15873015873015872	0.015873015873015872	0.0	0.0	0.015873015873015872	0.0
78	NODE_0000405	-4.895081718924376	1	0.06557377049180328	0.0	0.0	0.0	0.16129032258064516	0.016129032258064516	0.0	0.0	0.016129032258064516	0.0
79	NODE_0000409	-4.89367986466352	1	0.06779661016949153	0.0	0.0	0.0	0.16666666666666666	0.016666666666666666	0.0	0.0	0.016666666666666666	0.0
80	NODE_0000412	-4.89367986466352	1	0.07017543859649122	0.0	0.0	0.0	0.15517241379310345	0.017241379310344827	0.0	0.0	0.017241379310344827	0.0
81	NODE_0000420	-3.939068882692227	1	0.07407407407407407	0.0	0.0	0.0	0.16363636363636364	0.01818181818181818	0.0	0.0	0.01818181818181818	0.0
82	NODE_0000422	-3.695583643871109	1	0.057692307692307696	0.0	0.0	0.0	0.16981132075471697	0.018867924528301886	0.0	0.0	0.018867924528301886	0.0
83	NODE_0000424	-2.287967066658599	1	0.06	0.0	0.0	0.0	0.17647058823529413	0.0196078431372549	0.0	0.0	0.0196078431372549	0.0
84	NODE_0000607	-2.287967066658599	1	0.10526315789473684	0.0	0.0	0.0	0.47368421052631576	0.05263157894736842	0.0	0.0	0.0	0.0
85	NODE_0000438	-2.287967066658599	1	0.03225806451612903	0.0	0.0	0.0	0.0	0.0	0.0	0.0	0.03125	0.0
86	NODE_0000456	-2.287967066658599	1	0.058823529411764705	0.0	0.0	0.0	0.0	0.0	0.0	0.0	0.05555555555555555	0.0
87	NODE_0000457	-2.287967066658599	1	0.0625	0.0	0.0	0.0	0.0	0.0	0.0	0.0	0.058823529411764705	0.0
88	NODE_0000464	-2.287967066658599	1	0.0	0.0	0.0	0.0	0.0	0.0	0.0	0.0	0.0	0.0
89	NODE_0000467	-2.287967066658599	1	0.0	0.0	0.0	0.0	0.0	0.0	0.0	0.0	0.0	0.0
90	NODE_0000425	0.7692627317822293	1	0.04864091559370529	0.10946745562130178	0.07514450867052024	0.1020260492040521	0.030913012221423435	0.32393347794649313	0.09773887673231219	0.21459537572254336	0.032397408207343416	0.20931952662721892
91	NODE_0000480	6.243743826337295	1	0.023696682464454975	0.2028985507246377	0.0	0.29691211401425177	0.023696682464454975	0.1750599520383693	0.07542579075425791	0.15529411764705883	0.05250596658711217	0.12832929782082325
92	NODE_0000481	-12.503667199841633	1	0.04054054054054054	0.0	0.0	0.0	0.02631578947368421	0.17105263157894737	0.0	0.09210526315789473	0.0	0.027777777777777776
93	NODE_0000482	-12.503667199841633	1	0.0	0.0	0.0	0.0	0.125	0.0	0.0	0.125	0.0	0.125
94	NODE_0000485	-12.503667199841633	1	0.0	0.0	0.0	0.0	0.14285714285714285	0.0	0.0	0.14285714285714285	0.0	0.14285714285714285
95	NODE_0000153	-12.503667199841633	1	0.0	0.0	0.0	0.0	0.16666666666666666	0.0	0.0	0.16666666666666666	0.0	0.16666666666666666
96	NODE_0000497	-10.714279912844576	1	0.05172413793103448	0.0	0.0	0.0	0.0	0.21666666666666667	0.0	0.08333333333333333	0.0	0.0
97	NODE_0000501	-10.714279912844576	1	0.05357142857142857	0.0	0.0	0.0	0.0	0.22413793103448276	0.0	0.08620689655172414	0.0	0.0
98	NODE_0000515	-10.714279912844576	1	0.06818181818181818	0.0	0.0	0.0	0.0	0.2826086956521739	0.0	0.10869565217391304	0.0	0.0
99	NODE_0000517	-10.714279912844576	1	0.07142857142857142	0.0	0.0	0.0	0.0	0.29545454545454547	0.0	0.11363636363636363	0.0	0.0
100	NODE_0000521	-10.714279912844576	1	0.07317073170731707	0.0	0.0	0.0	0.0	0.30952380952380953	0.0	0.11904761904761904	0.0	0.0
101	NODE_0000253	-10.714279912844576	1	0.075	0.0	0.0	0.0	0.0	0.3170731707317073	0.0	0.12195121951219512	0.0	0.0
102	NODE_0000470	-10.714279912844576	1	0.10714285714285714	0.0	0.0	0.0	0.0	0.4482758620689655	0.0	0.1724137931034483	0.0	0.0
103	NODE_0000539	-10.714279912844576	1	0.038461538461538464	0.0	0.0	0.0	0.0	0.48148148148148145	0.0	0.18518518518518517	0.0	0.0
104	NODE_0000540	-10.714279912844576	1	0.04	0.0	0.0	0.0	0.0	0.5	0.0	0.19230769230769232	0.0	0.0
105	NODE_0000545	-10.714279912844576	1	0.047619047619047616	0.0	0.0	0.0	0.0	0.5909090909090909	0.0	0.22727272727272727	0.0	0.0
106	NODE_0000546	-10.714279912844576	1	0.05	0.0	0.0	0.0	0.0	0.6190476190476191	0.0	0.23809523809523808	0.0	0.0
107	NODE_0000548	-10.714279912844576	1	0.05555555555555555	0.0	0.0	0.0	0.0	0.6842105263157895	0.0	0.2631578947368421	0.0	0.0
108	NODE_0000281	-10.714279912844576	1	0.0	0.0	0.0	0.0	0.0	1.0	0.0	0.38461538461538464	0.0	0.0
109	NODE_0000284	-10.714279912844576	1	0.0	0.0	0.0	0.0	0.0	1.0	0.0	0.5	0.0	0.0
110	NODE_0000569	6.685661047695317	1	0.020114942528735632	0.24633431085043989	0.0	0.36231884057971014	0.023121387283236993	0.17595307917888564	0.09198813056379822	0.16905444126074498	0.0641399416909621	0.1495601173020528
111	NODE_0000294	-9.480945045292076	1	0.017857142857142856	0.0	0.0	0.9814814814814815	0.03636363636363636	1.0	0.0	0.9464285714285714	0.0	0.9444444444444444
112	NODE_0000297	-9.480744208187714	2	0.018867924528301886	0.0	0.0	1.0	0.0	1.0	0.0	1.0	0.0	1.0
113	NODE_0000300	-9.3604668244335	7	0.0	0.0	0.0	1.0	0.0	1.0	0.0	1.0	0.0	1.0
114	NODE_0000302	-9.3604668244335	7	0.0	0.0	0.0	1.0	0.0	1.0	0.0	1.0	0.0	1.0
115	NODE_0000511	-9.3604668244335	7	0.0	0.0	0.0	1.0	0.0	1.0	0.0	1.0	0.0	1.0
116	NODE_0000513	-9.3604668244335	7	0.0	0.0	0.0	1.0	0.0	1.0	0.0	1.0	0.0	1.0
117	NODE_0000514	-9.3604668244335	7	0.0	0.0	0.0	1.0	0.0	1.0	0.0	1.0	0.0	1.0
118	NODE_0000522	-9.3604668244335	7	0.0	0.0	0.0	1.0	0.0	1.0	0.0	1.0	0.0	1.0
119	NODE_0000524	-9.3604668244335	7	0.0	0.0	0.0	1.0	0.0	1.0	0.0	1.0	0.0	1.0
120	NODE_0000528	-9.3604668244335	7	0.0	0.0	0.0	1.0	0.0	1.0	0.0	1.0	0.0	1.0
121	NODE_0000585	-9.3604668244335	7	0.0	0.0	0.0	1.0	0.0	1.0	0.0	1.0	0.0	1.0
122	NODE_0000586	-9.3604668244335	7	0.0	0.0	0.0	1.0	0.0	1.0	0.0	1.0	0.0	1.0
123	NODE_0000593	-9.3604668244335	7	0.0	0.0	0.0	1.0	0.0	1.0	0.0	1.0	0.0	1.0
124	NODE_0000595	-9.3604668244335	7	0.0	0.0	0.0	1.0	0.0	1.0	0.0	1.0	0.0	1.0
125	NODE_0000597	-9.3604668244335	7	0.0	0.0	0.0	1.0	0.0	1.0	0.0	1.0	0.0	1.0
126	NODE_0000599	-9.3604668244335	7	0.0	0.0	0.0	1.0	0.0	1.0	0.0	1.0	0.0	1.0
127	NODE_0000608	-9.3604668244335	7	0.0	0.0	0.0	1.0	0.0	1.0	0.0	1.0	0.0	1.0
128	NODE_0000612	-9.3604668244335	7	0.0	0.0	0.0	1.0	0.0	1.0	0.0	1.0	0.0	1.0
129	NODE_0000613	-9.3604668244335	7	0.0	0.0	0.0	1.0	0.0	1.0	0.0	1.0	0.0	1.0
130	NODE_0000616	-9.3604668244335	7	0.0	0.0	0.0	1.0	0.0	1.0	0.0	1.0	0.0	1.0
131	NODE_0000619	-9.3604668244335	7	0.0	0.0	0.0	1.0	0.0	1.0	0.0	1.0	0.0	1.0
132	NODE_0000621	-9.3604668244335	7	0.0	0.0	0.0	1.0	0.0	1.0	0.0	1.0	0.0	1.0
133	NODE_0000625	-9.3604668244335	7	0.0	0.0	0.0	1.0	0.0	1.0	0.0	1.0	0.0	1.0
134	NODE_0000639	10.236103342688507	1	0.02054794520547945	0.2937062937062937	0.0	0.24742268041237114	0.020618556701030927	0.017482517482517484	0.10915492957746478	0.020477815699658702	0.07665505226480836	0.0
135	NODE_0000642	12.992503271771312	1	0.0	0.9647058823529412	0.0	0.8275862068965517	0.0	0.0	0.0	0.0	0.24705882352941178	0.0
136	NODE_0000648	12.992503271771312	1	0.0	0.9879518072289156	0.0	0.8470588235294118	0.0	0.0	0.0	0.0	0.25301204819277107	0.0
137	NODE_0000349	12.992503271771312	4	0.0	1.0	0.0	0.8571428571428571	0.0	0.0	0.0	0.0	0.25609756097560976	0.0
138	NODE_0000350	12.992503271771312	6	0.0	1.0	0.0	0.0	0.0	0.0	0.0	0.0	0.08333333333333333	0.0
139	NODE_0000361	15.017052846425718	8	0.0	1.0	0.0	1.0	0.0	0.0	0.0	0.0	0.2857142857142857	0.0
140	NODE_0000362	15.017052846425718	9	0.0	1.0	0.0	1.0	0.0	0.0	0.0	0.0	0.0	0.0
141	NODE_0000371	14.116855757482522	8	0.0	1.0	0.0	1.0	0.0	0.0	0.0	0.0	0.3333333333333333	0.0
142	NODE_0000372	14.116855757482522	8	0.0	1.0	0.0	1.0	0.0	0.0	0.0	0.0	1.0	0.0
143	NODE_0000392	14.116855757482522	8	0.0	1.0	0.0	1.0	0.0	0.0	0.0	0.0	0.0	0.0
144	NODE_0000393	14.116855757482522	9	0.0	1.0	0.0	1.0	0.0	0.0	0.0	0.0	0.0	0.0
145	NODE_0000407	14.116855757482522	8	0.0	1.0	0.0	1.0	0.0	0.0	0.0	0.0	0.0	0.0
146	NODE_0000416	14.116855757482522	8	0.0	1.0	0.0	1.0	0.0	0.0	0.0	0.0	0.0	0.0
147	NODE_0000417	14.116855757482522	8	0.0	1.0	0.0	1.0	0.0	0.0	0.0	0.0	0.0	0.0
148	NODE_0000421	14.116855757482522	8	0.0	1.0	0.0	1.0	0.0	0.0	0.0	0.0	0.0	0.0
149	NODE_0000706	-3.1727388987547487	1	0.02926829268292683	0.009950248756218905	0.0	0.0	0.02926829268292683	0.024875621890547265	0.15270935960591134	0.02912621359223301	0.0049504950495049506	0.0
150	NODE_0000728	-3.17241341273114	1	0.03208556149732621	0.01092896174863388	0.0	0.0	0.03208556149732621	0.01092896174863388	0.16756756756756758	0.031914893617021274	0.005434782608695652	0.0
151	NODE_0000734	-5.812907667371471	1	0.03314917127071823	0.011299435028248588	0.0	0.0	0.0055248618784530384	0.011299435028248588	0.17318435754189945	0.02197802197802198	0.0056179775280898875	0.0
152	NODE_0000736	-5.812907667371471	1	0.0335195530726257	0.011428571428571429	0.0	0.0	0.00558659217877095	0.011428571428571429	0.1751412429378531	0.022222222222222223	0.005681818181818182	0.0
153	NODE_0000748	-5.812907667371471	1	0.034482758620689655	0.011695906432748537	0.0	0.0	0.005747126436781609	0.011764705882352941	0.18023255813953487	0.022857142857142857	0.005813953488372093	0.0
154	NODE_0000750	-5.812907667371471	1	0.03488372093023256	0.011764705882352941	0.0	0.0	0.005813953488372093	0.011834319526627219	0.18235294117647058	0.023121387283236993	0.0058823529411764705	0.0
155	NODE_0000770	-5.680659114837264	1	0.019867549668874173	0.013422818791946308	0.0	0.0	0.0	0.006756756756756757	0.2080536912751678	0.02631578947368421	0.006711409395973154	0.0
156	NODE_0000774	-7.576110414381494	1	0.019230769230769232	0.0	0.0	0.0	0.0	0.0	0.0196078431372549	0.03773584905660377	0.019230769230769232	0.0
157	NODE_0000777	-7.576110414381494	1	0.02	0.0	0.0	0.0	0.0	0.0	0.02040816326530612	0.0392156862745098	0.02	0.0
158	NODE_0000778	-7.576110414381494	1	0.02040816326530612	0.0	0.0	0.0	0.0	0.0	0.020833333333333332	0.04	0.0	0.0
159	NODE_0000809	-7.576110414381494	1	0.03333333333333333	0.0	0.0	0.0	0.0	0.0	0.03333333333333333	0.0	0.0	0.0
160	NODE_0000205	-7.576110414381494	1	0.034482758620689655	0.0	0.0	0.0	0.0	0.0	0.034482758620689655	0.0	0.0	0.0
161	NODE_0000208	-7.576110414381494	1	0.038461538461538464	0.0	0.0	0.0	0.0	0.0	0.038461538461538464	0.0	0.0	0.0
162	NODE_0000209	-7.576110414381494	1	0.04	0.0	0.0	0.0	0.0	0.0	0.04	0.0	0.0	0.0
163	NODE_0000756	-7.576110414381494	1	0.043478260869565216	0.0	0.0	0.0	0.0	0.0	0.043478260869565216	0.0	0.0	0.0
164	NODE_0000759	-7.576110414381494	1	0.05	0.0	0.0	0.0	0.0	0.0	0.05	0.0	0.0	0.0
165	NODE_0000222	-7.576110414381494	1	0.08333333333333333	0.0	0.0	0.0	0.0	0.0	0.08333333333333333	0.0	0.0	0.0
166	NODE_0000223	-7.576110414381494	1	0.0	0.0	0.0	0.0	0.0	0.0	0.09090909090909091	0.0	0.0	0.0
167	NODE_0000831	-3.5219584966143973	1	0.020202020202020204	0.020618556701030927	0.0	0.0	0.0	0.010101010101010102	0.30612244897959184	0.020202020202020204	0.0	0.0
168	NODE_0000053	-3.5219584966143973	1	0.02040816326530612	0.020833333333333332	0.0	0.0	0.0	0.01020408163265306	0.30927835051546393	0.02040816326530612	0.0	0.0
169	NODE_0000056	-9.76864054260999	2	0.021052631578947368	0.021505376344086023	0.0	0.0	0.0	0.0	0.3191489361702128	0.0	0.0	0.0
170	NODE_0000057	-9.767815967742948	2	0.02127659574468085	0.021739130434782608	0.0	0.0	0.0	0.0	0.3225806451612903	0.0	0.0	0.0
171	NODE_0000788	-9.122670802104455	2	0.011764705882352941	0.024096385542168676	0.0	0.0	0.0	0.0	0.35714285714285715	0.0	0.0	0.0
172	NODE_0000856	-8.790671304078364	2	0.014285714285714285	0.028985507246376812	0.0	0.0	0.0	0.0	0.42857142857142855	0.0	0.0	0.0
173	NODE_0000857	-8.790671304078364	2	0.014492753623188406	0.029411764705882353	0.0	0.0	0.0	0.0	0.43478260869565216	0.0	0.0	0.0
174	NODE_0000858	-8.790671304078364	2	0.0	0.1	0.0	0.0	0.0	0.0	0.0	0.0	0.0	0.0
175	NODE_0000859	-8.790671304078364	2	0.0	0.10526315789473684	0.0	0.0	0.0	0.0	0.0	0.0	0.0	0.0
176	NODE_0000103	-8.790671304078364	2	0.020833333333333332	0.0	0.0	0.0	0.0	0.0	0.625	0.0	0.0	0.0
177	NODE_0000118	-8.790671304078364	2	0.030303030303030304	0.0	0.0	0.0	0.0	0.0	0.9090909090909091	0.0	0.0	0.0
178	NODE_0000121	-8.790671304078364	3	0.03333333333333333	0.0	0.0	0.0	0.0	0.0	1.0	0.0	0.0	0.0
179	NODE_0000902	-8.790671304078364	3	0.03571428571428571	0.0	0.0	0.0	0.0	0.0	1.0	0.0	0.0	0.0
180	NODE_0000904	-8.790671304078364	3	0.038461538461538464	0.0	0.0	0.0	0.0	0.0	1.0	0.0	0.0	0.0
181	NODE_0000912	-8.790671304078364	3	0.047619047619047616	0.0	0.0	0.0	0.0	0.0	1.0	0.0	0.0	0.0
182	NODE_0000131	-8.790671304078364	3	0.05	0.0	0.0	0.0	0.0	0.0	1.0	0.0	0.0	0.0
183	NODE_0000846	-8.790671304078364	3	0.0625	0.0	0.0	0.0	0.0	0.0	1.0	0.0	0.0	0.0
184	NODE_0000140	-8.790671304078364	3	0.09090909090909091	0.0	0.0	0.0	0.0	0.0	1.0	0.0	0.0	0.0
185	NODE_0000631	-3.4633355751976715	1	0.05942622950819672	0.06823027718550106	0.10732714138286893	0.01664932362122789	0.034055727554179564	0.38819875776397517	0.10729166666666666	0.24087591240875914	0.023711340206185566	0.24494142705005326
186	NODE_0000685	-1.6123752643535276	1	0.1166077738515901	0.01090909090909091	0.2277580071174377	0.05693950177935943	0.09818181818181818	0.2918149466192171	0.01444043321299639	0.014134275618374558	0.0812720848056537	0.04395604395604396
187	NODE_0000733	-1.6123752643535276	1	0.041666666666666664	0.0	0.041666666666666664	0.5833333333333334	0.6666666666666666	0.5833333333333334	0.0	0.0	0.5833333333333334	0.0
188	NODE_0000943	-1.6123752643535276	1	0.045454545454545456	0.0	0.045454545454545456	0.6363636363636364	0.7272727272727273	0.6363636363636364	0.0	0.0	0.6363636363636364	0.0
189	NODE_0000741	-1.6123752643535276	2	0.0625	0.0	0.0625	0.875	1.0	0.875	0.0	0.0	0.875	0.0
190	NODE_0000742	-1.6123752643535276	3	0.06666666666666667	0.0	0.06666666666666667	0.9333333333333333	1.0	0.9333333333333333	0.0	0.0	0.9333333333333333	0.0
191	NODE_0000743	-1.6123752643535276	3	0.07142857142857142	0.0	0.0	1.0	1.0	1.0	0.0	0.0	1.0	0.0
192	NODE_0000745	-1.6123752643535276	3	0.08333333333333333	0.0	0.0	1.0	1.0	1.0	0.0	0.0	1.0	0.0
193	NODE_0000969	-1.1305494235002695	1	0.15384615384615385	0.0	0.07692307692307693	0.04	0.20454545454545456	0.34615384615384615	0.0	0.038461538461538464	0.17307692307692307	0.23076923076923078
194	NODE_0000971	-1.1305494235002695	1	0.16326530612244897	0.0	0.08163265306122448	0.0425531914893617	0.21951219512195122	0.3469387755102041	0.0	0.04081632653061224	0.1836734693877551	0.24489795918367346
195	NODE_0000723	-1.1305494235002695	3	0.0	0.0	0.18181818181818182	0.2	0.8181818181818182	0.8181818181818182	0.0	0.18181818181818182	0.8181818181818182	1.0
196	NODE_0000977	-1.1305494235002695	1	0.21052631578947367	0.0	0.05263157894736842	0.0	0.0	0.21052631578947367	0.0	0.0	0.0	0.02631578947368421
197	NODE_0000978	-1.1305494235002695	1	0.21621621621621623	0.0	0.05405405405405406	0.0	0.0	0.21621621621621623	0.0	0.0	0.0	0.02702702702702703
198	NODE_0000980	-1.1305494235002695	1	0.2222222222222222	0.0	0.05555555555555555	0.0	0.0	0.2222222222222222	0.0	0.0	0.0	0.027777777777777776
199	NODE_0000982	-1.1305494235002695	1	0.23529411764705882	0.0	0.058823529411764705	0.0	0.0	0.17647058823529413	0.0	0.0	0.0	0.029411764705882353
200	NODE_0000989	-1.1305494235002695	1	0.2857142857142857	0.0	0.07142857142857142	0.0	0.0	0.21428571428571427	0.0	0.0	0.0	0.03571428571428571
201	NODE_0000990	-1.1305494235002695	1	0.2962962962962963	0.0	0.07407407407407407	0.0	0.0	0.2222222222222222	0.0	0.0	0.0	0.037037037037037035
202	NODE_0000992	-1.1305494235002695	1	0.3076923076923077	0.0	0.07692307692307693	0.0	0.0	0.23076923076923078	0.0	0.0	0.0	0.038461538461538464
203	NODE_0000699	-1.1305494235002695	1	0.3333333333333333	0.0	0.08333333333333333	0.0	0.0	0.25	0.0	0.0	0.0	0.041666666666666664
204	NODE_0000999	-1.1305494235002695	1	0.5	0.0	0.125	0.0	0.0	0.125	0.0	0.0	0.0	0.0
205	NODE_0000761	-0.932174214908957	1	0.11594202898550725	0.01507537688442211	0.28780487804878047	0.0	0.00966183574879227	0.24390243902439024	0.019417475728155338	0.00966183574879227	0.0	0.0
206	NODE_0000843	-0.932174214908957	2	0.0	0.0	1.0	0.0	0.0	0.0	0.0	0.0	0.0	0.0
207	NODE_0001023	-0.932174214908957	2	0.0	0.0	1.0	0.0	0.0	0.0	0.0	0.0	0.0	0.0
208	NODE_0001029	-0.932174214908957	2	0.0	0.0	1.0	0.0	0.0	0.0	0.0	0.0	0.0	0.0
209	NODE_0001030	-0.932174214908957	2	0.0	0.0	1.0	0.0	0.0	0.0	0.0	0.0	0.0	0.0
210	NODE_0001031	-0.932174214908957	2	0.0	0.0	1.0	0.0	0.0	0.0	0.0	0.0	0.0	0.0
211	NODE_0001032	-0.932174214908957	2	0.0	0.0	1.0	0.0	0.0	0.0	0.0	0.0	0.0	0.0
212	NODE_0001034	-0.932174214908957	2	0.0	0.0	1.0	0.0	0.0	0.0	0.0	0.0	0.0	0.0
213	NODE_0001037	-0.932174214908957	2	0.0	0.0	1.0	0.0	0.0	0.0	0.0	0.0	0.0	0.0
214	NODE_0001039	-0.932174214908957	2	0.0	0.0	1.0	0.0	0.0	0.0	0.0	0.0	0.0	0.0
215	NODE_0001042	-0.932174214908957	2	0.0	0.0	1.0	0.0	0.0	0.0	0.0	0.0	0.0	0.0
216	NODE_0001043	-0.932174214908957	2	0.0	0.0	1.0	0.0	0.0	0.0	0.0	0.0	0.0	0.0
217	NODE_0001044	-0.932174214908957	2	0.0	0.0	1.0	0.0	0.0	0.0	0.0	0.0	0.0	0.0
218	NODE_0001047	-0.932174214908957	2	0.0	0.0	1.0	0.0	0.0	0.0	0.0	0.0	0.0	0.0
219	NODE_0001052	-0.932174214908957	2	0.0	0.0	1.0	0.0	0.0	0.0	0.0	0.0	0.0	0.0
220	NODE_0001053	-0.932174214908957	2	0.0	0.0	1.0	0.0	0.0	0.0	0.0	0.0	0.0	0.0
221	NODE_0001058	-0.932174214908957	2	0.0	0.0	1.0	0.0	0.0	0.0	0.0	0.0	0.0	0.0
222	NODE_0001062	-0.932174214908957	2	0.0	0.0	1.0	0.0	0.0	0.0	0.0	0.0	0.0	0.0
223	NODE_0000890	-17.227593726398617	1	0.2692307692307692	0.039473684210526314	0.013157894736842105	0.0	0.0	0.0	0.012987012987012988	0.0	0.0	0.0
224	NODE_0001082	-17.227593726398617	1	0.2727272727272727	0.04	0.013333333333333334	0.0	0.0	0.0	0.013157894736842105	0.0	0.0	0.0
225	NODE_0000895	-17.227593726398617	1	0.273972602739726	0.04225352112676056	0.014084507042253521	0.0	0.0	0.0	0.013888888888888888	0.0	0.0	0.0
226	NODE_0001093	-17.227593726398617	1	0.29850746268656714	0.046153846153846156	0.015384615384615385	0.0	0.0	0.0	0.014925373134328358	0.0	0.0	0.0
227	NODE_0001094	-17.223971840004275	1	0.30303030303030304	0.03125	0.015625	0.0	0.0	0.0	0.015151515151515152	0.0	0.0	0.0
228	NODE_0001099	-17.223971840004275	1	0.3125	0.03225806451612903	0.016129032258064516	0.0	0.0	0.0	0.015625	0.0	0.0	0.0
229	NODE_0001102	-17.17554413443825	1	0.3225806451612903	0.03333333333333333	0.016666666666666666	0.0	0.0	0.0	0.016129032258064516	0.0	0.0	0.0
230	NODE_0001104	-17.17554413443825	1	0.3333333333333333	0.034482758620689655	0.017241379310344827	0.0	0.0	0.0	0.016666666666666666	0.0	0.0	0.0
231	NODE_0001105	-17.174600978287323	1	0.3389830508474576	0.03508771929824561	0.017543859649122806	0.0	0.0	0.0	0.01694915254237288	0.0	0.0	0.0
232	NODE_0001106	-17.174600978287323	1	0.3448275862068966	0.03571428571428571	0.017857142857142856	0.0	0.0	0.0	0.017241379310344827	0.0	0.0	0.0
233	NODE_0001115	-17.174600978287323	1	0.40816326530612246	0.0425531914893617	0.0	0.0	0.0	0.0	0.02040816326530612	0.0	0.0	0.0
234	NODE_0001118	-17.174600978287323	1	0.425531914893617	0.043478260869565216	0.0	0.0	0.0	0.0	0.02127659574468085	0.0	0.0	0.0
235	NODE_0001119	-17.174600978287323	1	0.43478260869565216	0.044444444444444446	0.0	0.0	0.0	0.0	0.021739130434782608	0.0	0.0	0.0
236	NODE_0001145	-17.174600978287323	1	0.8695652173913043	0.08695652173913043	0.0	0.0	0.0	0.0	0.0	0.0	0.0	0.0
237	NODE_0000921	-17.174600978287323	1	1.0	0.1	0.0	0.0	0.0	0.0	0.0	0.0	0.0	0.0
238	NODE_0000923	-17.174600978287323	1	1.0	0.0	0.0	0.0	0.0	0.0	0.0	0.0	0.0	0.0
239	NODE_0001151	-17.174600978287323	1	1.0	0.0	0.0	0.0	0.0	0.0	0.0	0.0	0.0	0.0
240	NODE_0001154	-17.174600978287323	1	1.0	0.0	0.0	0.0	0.0	0.0	0.0	0.0	0.0	0.0
241	NODE_0001158	-17.174600978287323	1	1.0	0.0	0.0	0.0	0.0	0.0	0.0	0.0	0.0	0.0
242	NODE_0000929	-17.174600978287323	2	1.0	0.0	0.0	0.0	0.0	0.0	0.0	0.0	0.0	0.0
243	NODE_0001161	-17.174600978287323	2	1.0	0.0	0.0	0.0	0.0	0.0	0.0	0.0	0.0	0.0
244	NODE_0001171	2.078386463879782	1	0.038461538461538464	0.0	0.1282051282051282	0.0	0.02564102564102564	0.6410256410256411	0.038461538461538464	0.02564102564102564	0.0	0.0
245	NODE_0001174	2.078386463879782	1	0.03896103896103896	0.0	0.12987012987012986	0.0	0.025974025974025976	0.6493506493506493	0.03896103896103896	0.025974025974025976	0.0	0.0
246	NODE_0001177	2.078386463879782	1	0.039473684210526314	0.0	0.13157894736842105	0.0	0.02631578947368421	0.6578947368421053	0.039473684210526314	0.02631578947368421	0.0	0.0
247	NODE_0001180	2.078386463879782	1	0.04	0.0	0.13333333333333333	0.0	0.02666666666666667	0.6666666666666666	0.04	0.02666666666666667	0.0	0.0
248	NODE_0001181	2.2113927245141767	1	0.04054054054054054	0.0	0.13513513513513514	0.0	0.013513513513513514	0.6756756756756757	0.04054054054054054	0.02702702702702703	0.0	0.0
249	NODE_0001184	2.2113927245141767	1	0.0410958904109589	0.0	0.136986301369863	0.0	0.0136986301369863	0.684931506849315	0.0410958904109589	0.0273972602739726	0.0	0.0
250	NODE_0001186	1.68859861600601	1	0.04225352112676056	0.0	0.14084507042253522	0.0	0.0	0.704225352112676	0.04225352112676056	0.028169014084507043	0.0	0.0
251	NODE_0001189	1.68859861600601	1	0.04411764705882353	0.0	0.14705882352941177	0.0	0.0	0.7058823529411765	0.04411764705882353	0.029411764705882353	0.0	0.0
252	NODE_0001193	0.7406080941790217	1	0.046875	0.0	0.15625	0.0	0.0	0.75	0.046875	0.03125	0.0	0.0
253	NODE_0001194	0.7406080941790217	1	0.047619047619047616	0.0	0.15873015873015872	0.0	0.0	0.7619047619047619	0.047619047619047616	0.031746031746031744	0.0	0.0
254	NODE_0001195	0.7406080941790217	1	0.04838709677419355	0.0	0.16129032258064516	0.0	0.0	0.7741935483870968	0.04838709677419355	0.03225806451612903	0.0	0.0
255	NODE_0001196	0.7406080941790217	1	0.04918032786885246	0.0	0.16393442622950818	0.0	0.0	0.7868852459016393	0.04918032786885246	0.03278688524590164	0.0	0.0
256	NODE_0001197	0.7406080941790217	1	0.07692307692307693	0.0	0.7692307692307693	0.0	0.0	0.0	0.15384615384615385	0.0	0.0	0.0
257	NODE_0001203	0.7406080941790217	1	0.0	0.0	0.7272727272727273	0.0	0.0	0.0	0.0	0.0	0.0	0.0
258	NODE_0001204	0.7406080941790217	1	0.0	0.0	0.8	0.0	0.0	0.0	0.0	0.0	0.0	0.0
259	NODE_0000793	0.7406080941790217	1	0.041666666666666664	0.0	0.0	0.0	0.0	1.0	0.020833333333333332	0.041666666666666664	0.0	0.0
260	NODE_0000795	0.7406080941790217	1	0.043478260869565216	0.0	0.0	0.0	0.0	1.0	0.021739130434782608	0.0	0.0	0.0
261	NODE_0000796	0.7406080941790217	2	0.044444444444444446	0.0	0.0	0.0	0.0	1.0	0.0	0.0	0.0	0.0
262	NODE_0000797	0.7406080941790217	2	0.047619047619047616	0.0	0.0	0.0	0.0	1.0	0.0	0.0	0.0	0.0
263	NODE_0001221	0.7406080941790217	2	0.05	0.0	0.0	0.0	0.0	1.0	0.0	0.0	0.0	0.0
264	NODE_0000806	0.7406080941790217	2	0.08333333333333333	0.0	0.0	0.0	0.0	1.0	0.0	0.0	0.0	0.0
265	NODE_0000817	0.7406080941790217	3	0.041666666666666664	0.0	0.0	0.0	0.0	1.0	0.0	0.0	0.0	0.0
266	NODE_0000818	0.7406080941790217	3	0.043478260869565216	0.0	0.0	0.0	0.0	1.0	0.0	0.0	0.0	0.0
267	NODE_0001114	0.7406080941790217	3	0.05	0.0	0.0	0.0	0.0	1.0	0.0	0.0	0.0	0.0
268	NODE_0001238	0.7406080941790217	3	0.05555555555555555	0.0	0.0	0.0	0.0	1.0	0.0	0.0	0.0	0.0
269	NODE_0001243	0.7406080941790217	3	0.06666666666666667	0.0	0.0	0.0	0.0	1.0	0.0	0.0	0.0	0.0
270	NODE_0001245	0.7406080941790217	3	0.07142857142857142	0.0	0.0	0.0	0.0	1.0	0.0	0.0	0.0	0.0
271	NODE_0000829	0.7406080941790217	3	0.08333333333333333	0.0	0.0	0.0	0.0	1.0	0.0	0.0	0.0	0.0
272	NODE_0001261	-3.7804660607979432	1	0.036656891495601175	0.09341500765696784	0.059084194977843424	0.0	0.008784773060029283	0.43471810089020774	0.14732142857142858	0.34135338345864663	0.0	0.3323170731707317
273	NODE_0001324	-3.7668370675534755	1	0.03421461897356143	0.09902597402597403	0.06279434850863422	0.0	0.00933125972006221	0.4605678233438486	0.15664556962025317	0.36261980830670926	0.0	0.35170178282009723
274	NODE_0000967	-3.7668370675534755	1	0.0343213728549142	0.0993485342019544	0.06299212598425197	0.0	0.0093603744149766	0.4620253164556962	0.15714285714285714	0.36378205128205127	0.0	0.35284552845528455
275	NODE_0001050	-13.138276778708319	1	0.0	0.0	0.0	0.0	0.0	0.0	0.0	0.0	0.0	0.0
276	NODE_0001369	-13.138276778708319	1	0.0	0.0	0.0	0.0	0.0	0.0	0.0	0.0	0.0	0.0
277	NODE_0001071	-13.138276778708319	1	0.0	0.0	0.0	0.0	0.0	0.0	0.0	0.0	0.0	0.0
278	NODE_0001072	-13.138276778708319	1	0.0	0.0	0.0	0.0	0.0	0.0	0.0	0.0	0.0	0.0
279	NODE_0001074	-13.138276778708319	1	0.0	0.0	0.0	0.0	0.0	0.0	0.0	0.0	0.0	0.0
280	NODE_0001208	-13.138276778708319	1	0.0	0.0	0.0	0.0	0.0	0.0	0.0	0.0	0.0	0.0
281	NODE_0001212	-13.138276778708319	1	0.0	0.0	0.0	0.0	0.0	0.0	0.0	0.0	0.0	0.0
282	NODE_0001076	-13.138276778708319	1	0.0	0.0	0.0	0.0	0.0	0.0	0.0	0.0	0.0	0.0
283	NODE_0001077	-13.138276778708319	1	0.0	0.0	0.0	0.0	0.0	0.0	0.0	0.0	0.0	0.0
284	NODE_0001088	-13.138276778708319	1	0.0	0.0	0.0	0.0	0.0	0.0	0.0	0.0	0.0	0.0
285	NODE_0001390	-13.138276778708319	1	0.0	0.0	0.0	0.0	0.0	0.0	0.0	0.0	0.0	0.0
286	NODE_0001235	-3.263453564539494	1	0.038128249566724434	0.11070780399274047	0.07005253940455342	0.0	0.010398613518197574	0.5140845070422535	0.17491166077738515	0.40535714285714286	0.0	0.39311594202898553
287	NODE_0001253	-3.2582636496641153	1	0.0374331550802139	0.11380597014925373	0.07207207207207207	0.0	0.008912655971479501	0.5163043478260869	0.17967332123411978	0.4172794117647059	0.0	0.39106145251396646
288	NODE_0001287	-3.2582179137774174	1	0.03770197486535009	0.11444652908067542	0.07259528130671507	0.0	0.008976660682226212	0.5200729927007299	0.1809872029250457	0.4203703703703704	0.0	0.39325842696629215
289	NODE_0001101	-25.770238711148178	1	0.028735632183908046	0.0	0.017341040462427744	0.0	0.022988505747126436	0.01744186046511628	0.01744186046511628	0.0	0.0	0.0
290	NODE_0001113	-25.770238711148178	1	0.018518518518518517	0.0	0.018633540372670808	0.0	0.024691358024691357	0.0125	0.01875	0.0	0.0	0.0
291	NODE_0001420	-25.770238711148178	1	0.018867924528301886	0.0	0.0189873417721519	0.0	0.025157232704402517	0.012738853503184714	0.01910828025477707	0.0	0.0	0.0
292	NODE_0001423	-25.747170259855373	1	0.019230769230769232	0.0	0.0	0.0	0.02564102564102564	0.012987012987012988	0.01948051948051948	0.0	0.0	0.0
293	NODE_0001427	-25.74653286429509	1	0.01935483870967742	0.0	0.0	0.0	0.025806451612903226	0.006535947712418301	0.0196078431372549	0.0	0.0	0.0
294	NODE_0001121	-25.74653286429509	1	0.01948051948051948	0.0	0.0	0.0	0.025974025974025976	0.006578947368421052	0.019736842105263157	0.0	0.0	0.0
295	NODE_0001122	-26.76144031610801	1	0.0196078431372549	0.0	0.0	0.0	0.026143790849673203	0.006622516556291391	0.019867549668874173	0.0	0.0	0.0
296	NODE_0001126	-26.6503571942033	1	0.020134228187919462	0.0	0.0	0.0	0.026845637583892617	0.006802721088435374	0.02040816326530612	0.0	0.0	0.0
297	NODE_0001465	-22.873513783818385	1	0.01639344262295082	0.0	0.0	0.0	0.06557377049180328	0.0	0.04918032786885246	0.0	0.0	0.0
298	NODE_0001468	-22.863316818961362	1	0.016666666666666666	0.0	0.0	0.0	0.06666666666666667	0.0	0.05	0.0	0.0	0.0
299	NODE_0001471	-21.772407947807256	1	0.01694915254237288	0.0	0.0	0.0	0.06779661016949153	0.0	0.05084745762711865	0.0	0.0	0.0
300	NODE_0001472	-21.772407947807256	1	0.017241379310344827	0.0	0.0	0.0	0.06896551724137931	0.0	0.05172413793103448	0.0	0.0	0.0
301	NODE_0001474	-21.772407947807256	1	0.0	0.0	0.0	0.0	0.07017543859649122	0.0	0.05263157894736842	0.0	0.0	0.0
302	NODE_0001475	-21.772407947807256	1	0.0	0.0	0.0	0.0	0.07142857142857142	0.0	0.05357142857142857	0.0	0.0	0.0
303	NODE_0001476	-21.7667029692168	1	0.0	0.0	0.0	0.0	0.07272727272727272	0.0	0.05454545454545454	0.0	0.0	0.0
304	NODE_0001478	-21.7667029692168	1	0.0	0.0	0.0	0.0	0.07547169811320754	0.0	0.05660377358490566	0.0	0.0	0.0
305	NODE_0001481	-20.413319277901547	1	0.0	0.0	0.0	0.0	0.08	0.0	0.0	0.0	0.0	0.0
306	NODE_0001483	-20.413319277901547	1	0.0	0.0	0.0	0.0	0.08163265306122448	0.0	0.0	0.0	0.0	0.0
307	NODE_0001489	-20.413319277901547	1	0.0	0.0	0.0	0.0	0.0975609756097561	0.0	0.0	0.0	0.0	0.0
308	NODE_0001492	-20.413319277901547	1	0.0	0.0	0.0	0.0	0.10256410256410256	0.0	0.0	0.0	0.0	0.0
309	NODE_0001496	-20.413319277901547	1	0.0	0.0	0.0	0.0	0.08823529411764706	0.0	0.0	0.0	0.0	0.0
310	NODE_0001497	-20.413319277901547	1	0.0	0.0	0.0	0.0	0.09090909090909091	0.0	0.0	0.0	0.0	0.0
311	NODE_0001498	-20.413319277901547	1	0.0	0.0	0.0	0.0	0.09375	0.0	0.0	0.0	0.0	0.0
312	NODE_0001505	-20.413319277901547	1	0.0	0.0	0.0	0.0	0.11538461538461539	0.0	0.0	0.0	0.0	0.0
313	NODE_0001511	-20.413319277901547	1	0.0	0.0	0.0	0.0	0.13043478260869565	0.0	0.0	0.0	0.0	0.0
314	NODE_0001512	-20.413319277901547	1	0.0	0.0	0.0	0.0	0.13636363636363635	0.0	0.0	0.0	0.0	0.0
315	NODE_0001513	-20.413319277901547	1	0.0	0.0	0.0	0.0	0.14285714285714285	0.0	0.0	0.0	0.0	0.0
316	NODE_0001521	-20.413319277901547	1	0.0	0.0	0.0	0.0	0.21428571428571427	0.0	0.0	0.0	0.0	0.0
317	NODE_0001523	-20.413319277901547	1	0.0	0.0	0.0	0.0	0.2727272727272727	0.0	0.0	0.0	0.0	0.0
318	NODE_0001210	-15.649921964567469	1	0.015384615384615385	0.0	0.0	0.0	0.0	0.015873015873015872	0.0	0.0	0.0	0.0
319	NODE_0001541	-15.649921964567469	1	0.016129032258064516	0.0	0.0	0.0	0.0	0.016666666666666666	0.0	0.0	0.0	0.0
320	NODE_0001542	-15.649921964567469	1	0.01639344262295082	0.0	0.0	0.0	0.0	0.01694915254237288	0.0	0.0	0.0	0.0
321	NODE_0001545	-15.647966439304527	1	0.017241379310344827	0.0	0.0	0.0	0.0	0.017857142857142856	0.0	0.0	0.0	0.0
322	NODE_0001548	-15.299509906100386	1	0.01818181818181818	0.0	0.0	0.0	0.0	0.018867924528301886	0.0	0.0	0.0	0.0
323	NODE_0001549	-15.299509906100386	1	0.018518518518518517	0.0	0.0	0.0	0.0	0.019230769230769232	0.0	0.0	0.0	0.0
324	NODE_0001551	-14.944371812569408	1	0.019230769230769232	0.0	0.0	0.0	0.0	0.02	0.0	0.0	0.0	0.0
325	NODE_0001553	-14.651844794650845	1	0.02	0.0	0.0	0.0	0.0	0.020833333333333332	0.0	0.0	0.0	0.0
326	NODE_0001554	-14.651844794650845	1	0.02040816326530612	0.0	0.0	0.0	0.0	0.02127659574468085	0.0	0.0	0.0	0.0
327	NODE_0001244	-14.651844794650845	1	0.0	0.0	0.0	0.0	0.0	0.0	0.0	0.0	0.0	0.0
328	NODE_0001568	-14.651844794650845	1	0.027777777777777776	0.0	0.0	0.0	0.0	0.029411764705882353	0.0	0.0	0.0	0.0
329	NODE_0001572	-14.651844794650845	1	0.030303030303030304	0.0	0.0	0.0	0.0	0.03225806451612903	0.0	0.0	0.0	0.0
330	NODE_0001574	-14.651844794650845	1	0.0	0.0	0.0	0.0	0.0	0.0	0.0	0.0	0.0	0.0
331	NODE_0001578	-14.651844794650845	1	0.0	0.0	0.0	0.0	0.0	0.0	0.0	0.0	0.0	0.0
332	NODE_0001580	-14.651844794650845	1	0.0	0.0	0.0	0.0	0.0	0.0	0.0	0.0	0.0	0.0
333	NODE_0001256	-14.651844794650845	1	0.05263157894736842	0.0	0.0	0.0	0.0	0.05263157894736842	0.0	0.0	0.0	0.0
334	NODE_0001615	-1.9041831374359637	1	0.04177545691906005	0.16621253405994552	0.09788359788359788	0.0	0.0026109660574412533	0.75	0.256	0.6202185792349727	0.0	0.5737704918032787
335	NODE_0001616	-1.9041831374359637	1	0.0	0.20930232558139536	0.6976744186046512	0.0	0.0	0.20930232558139536	0.05128205128205128	0.8604651162790697	0.0	0.3953488372093023
336	NODE_0001617	-1.9041831374359637	1	0.0	0.21428571428571427	0.7142857142857143	0.0	0.0	0.21428571428571427	0.05263157894736842	0.8809523809523809	0.0	0.40476190476190477
337	NODE_0001618	-1.9041831374359637	1	0.0	0.21951219512195122	0.7317073170731707	0.0	0.0	0.21951219512195122	0.05405405405405406	0.9024390243902439	0.0	0.4146341463414634
338	NODE_0001278	-1.9041831374359637	1	0.0	0.24324324324324326	0.8108108108108109	0.0	0.0	0.24324324324324326	0.06060606060606061	1.0	0.0	0.4594594594594595
339	NODE_0001279	-1.9041831374359637	1	0.0	0.8181818181818182	1.0	0.0	0.0	0.8181818181818182	0.0	1.0	0.0	0.0
340	NODE_0001289	-1.9041831374359637	3	0.0	0.0	0.7307692307692307	0.0	0.0	0.0	0.08695652173913043	1.0	0.0	0.6538461538461539
341	NODE_0001298	-1.9041831374359637	4	0.0	0.0	1.0	0.0	0.0	0.0	0.0	1.0	0.0	1.0
342	NODE_0001651	-5.584534213829526	1	0.047058823529411764	0.16049382716049382	0.020895522388059702	0.0	0.0029411764705882353	0.8198198198198198	0.27976190476190477	0.5882352941176471	0.0	0.5975232198142415
343	NODE_0001655	-5.584534213829526	1	0.04747774480712166	0.16199376947040497	0.02108433734939759	0.0	0.002967359050445104	0.8272727272727273	0.2822822822822823	0.59375	0.0	0.603125
344	NODE_0001658	-5.584474816695645	1	0.041916167664670656	0.16037735849056603	0.02127659574468085	0.0	0.0029940119760479044	0.8348623853211009	0.28484848484848485	0.5993690851735016	0.0	0.6088328075709779
345	NODE_0001323	-5.533404008431514	1	0.0456140350877193	0.18888888888888888	0.025	0.0	0.0035087719298245615	0.9820143884892086	0.33451957295373663	0.7089552238805971	0.0	0.7174721189591078
346	NODE_0001326	-5.533404008431514	1	0.6190476190476191	0.0	0.0	0.0	0.0	0.9047619047619048	0.0	0.0	0.0	0.0
347	NODE_0001546	-5.533404008431514	1	0.8125	0.0	0.0	0.0	0.0	0.875	0.0	0.0	0.0	0.0
348	NODE_0001333	-5.533404008431514	1	0.9285714285714286	0.0	0.0	0.0	0.0	0.8571428571428571	0.0	0.0	0.0	0.0
349	NODE_0001334	-5.533404008431514	1	0.9230769230769231	0.0	0.0	0.0	0.0	0.8461538461538461	0.0	0.0	0.0	0.0
350	NODE_0001337	-5.533404008431514	1	1.0	0.0	0.0	0.0	0.0	0.9	0.0	0.0	0.0	0.0
351	NODE_0001346	-4.015793007280835	3	0.0	1.0	0.14	0.0	0.0196078431372549	1.0	0.0	0.0	0.0	0.0
352	NODE_0001347	-4.015793007280835	3	0.0	1.0	0.0	0.0	0.06666666666666667	1.0	0.0	0.0	0.0	0.0
353	NODE_0001361	-4.015793007280835	3	0.0	1.0	0.2	0.0	0.0	1.0	0.0	0.0	0.0	0.0
354	NODE_0001363	-4.015793007280835	3	0.0	1.0	0.21212121212121213	0.0	0.0	1.0	0.0	0.0	0.0	0.0
355	NODE_0001757	-4.015793007280835	3	0.0	1.0	0.4666666666666667	0.0	0.0	1.0	0.0	0.0	0.0	0.0
356	NODE_0001396	-5.318177294866009	4	0.0	0.0	0.0	0.0	0.0	0.9854368932038835	0.4519230769230769	0.9743589743589743	0.0	0.9846938775510204
357	NODE_0001397	-5.316347218539005	7	0.0	0.0	0.0	0.0	0.0	0.9853658536585366	0.4492753623188406	0.9742268041237113	0.0	0.9897435897435898
358	NODE_0001401	-5.3160513910447325	7	0.0	0.0	0.0	0.0	0.0	0.9850746268656716	0.458128078817734	0.984375	0.0	0.9895287958115183
359	NODE_0001619	-5.3160513910447325	7	0.0	0.0	0.0	0.0	0.0	0.95	0.0	0.9761904761904762	0.0	0.95
360	NODE_0001413	-5.3160513910447325	7	0.0	0.0	0.0	0.0	0.0	0.9411764705882353	0.0	0.9722222222222222	0.0	0.9411764705882353
361	NODE_0001422	-5.3160513910447325	7	0.0	0.0	0.0	0.0	0.0	0.96	0.0	0.9629629629629629	0.0	0.96
362	NODE_0001811	-5.3160513910447325	7	0.0	0.0	0.0	0.0	0.0	0.9285714285714286	0.0	0.9411764705882353	0.0	1.0
363	NODE_0001436	-5.3160513910447325	7	0.0	0.0	0.0	0.0	0.0	0.9090909090909091	0.0	0.9285714285714286	0.0	1.0
364	NODE_0001439	-5.3160513910447325	7	0.0	0.0	0.0	0.0	0.0	1.0	0.0	0.9090909090909091	0.0	1.0
365	NODE_0001654	-5.3160513910447325	7	0.0	0.0	0.0	0.0	0.0	1.0	0.0	1.0	0.0	1.0
366	NODE_0001450	-3.9274793957241267	7	0.0	0.0	0.0	0.0	0.0	0.9935897435897436	0.5961538461538461	0.9862068965517241	0.0	1.0
367	NODE_0001459	-3.9274793957241267	7	0.0	0.0	0.0	0.0	0.0	1.0	0.0	1.0	0.0	1.0
368	NODE_0001460	-3.9274793957241267	7	0.0	0.0	0.0	0.0	0.0	1.0	0.0	1.0	0.0	1.0
369	NODE_0001469	-3.9274793957241267	7	0.0	0.0	0.0	0.0	0.0	0.9444444444444444	0.0	1.0	0.0	1.0
370	NODE_0001487	-3.9274793957241267	8	0.0	0.0	0.0	0.0	0.0	1.0	0.0	1.0	0.0	1.0
371	NODE_0001488	-3.9274793957241267	8	0.0	0.0	0.0	0.0	0.0	1.0	0.0	1.0	0.0	1.0
372	NODE_0001869	-3.9274793957241267	8	0.0	0.0	0.0	0.0	0.0	1.0	0.0	1.0	0.0	1.0
373	NODE_0001491	-3.9274793957241267	8	0.0	0.0	0.0	0.0	0.0	1.0	0.0	1.0	0.0	1.0
374	NODE_0001871	-3.9274793957241267	8	0.0	0.0	0.0	0.0	0.0	1.0	0.0	1.0	0.0	1.0
375	NODE_0001873	-3.9274793957241267	8	0.0	0.0	0.0	0.0	0.0	1.0	0.0	1.0	0.0	1.0
376	NODE_0001886	-4.940660316445741	7	0.0	0.0	0.0	0.0	0.0	1.0	0.8611111111111112	0.9791666666666666	0.0	1.0
377	NODE_0001887	-4.940660316445741	7	0.0	0.0	0.0	0.0	0.0	1.0	0.0	0.9230769230769231	0.0	1.0
378	NODE_0001514	-4.358071128246436	8	0.0	0.0	0.0	0.0	0.0	1.0	0.9893617021276596	0.9879518072289156	0.0	1.0
379	NODE_0001591	-4.358071128246436	8	0.0	0.0	0.0	0.0	0.0	1.0	1.0	1.0	0.0	1.0
380	NODE_0001597	-4.358071128246436	8	0.0	0.0	0.0	0.0	0.0	1.0	1.0	1.0	0.0	1.0
381	NODE_0001538	-4.358071128246436	8	0.0	0.0	0.0	0.0	0.0	1.0	1.0	1.0	0.0	1.0
382	NODE_0001739	-4.358071128246436	8	0.0	0.0	0.0	0.0	0.0	1.0	1.0	1.0	0.0	1.0
383	NODE_0001741	-4.358071128246436	8	0.0	0.0	0.0	0.0	0.0	1.0	1.0	1.0	0.0	1.0
384	NODE_0001972	-4.358071128246436	8	0.0	0.0	0.0	0.0	0.0	1.0	1.0	1.0	0.0	1.0
385	NODE_0001982	-4.358071128246436	8	0.0	0.0	0.0	0.0	0.0	1.0	1.0	1.0	0.0	1.0
386	NODE_0001983	-4.358071128246436	8	0.0	0.0	0.0	0.0	0.0	1.0	1.0	1.0	0.0	1.0
387	NODE_0001984	-4.358071128246436	8	0.0	0.0	0.0	0.0	0.0	1.0	1.0	1.0	0.0	1.0
388	NODE_0001764	-4.358071128246436	8	0.0	0.0	0.0	0.0	0.0	1.0	0.9787234042553191	0.9772727272727273	0.0	1.0
389	NODE_0001518	-4.358071128246436	8	0.0	0.0	0.0	0.0	0.0	1.0	1.0	1.0	0.0	1.0
390	NODE_0001526	-4.358071128246436	8	0.0	0.0	0.0	0.0	0.0	1.0	1.0	1.0	0.0	1.0
391	NODE_0001528	-4.358071128246436	8	0.0	0.0	0.0	0.0	0.0	1.0	1.0	1.0	0.0	1.0
392	NODE_0001780	-4.358071128246436	8	0.0	0.0	0.0	0.0	0.0	1.0	0.9629629629629629	0.9583333333333334	0.0	1.0
393	NODE_0001800	-4.358071128246436	8	0.0	0.0	0.0	0.0	0.0	1.0	0.9565217391304348	0.95	0.0	1.0
394	NODE_0001938	-4.358071128246436	8	0.0	0.0	0.0	0.0	0.0	1.0	1.0	0.9411764705882353	0.0	1.0
395	NODE_0001946	-4.358071128246436	8	0.0	0.0	0.0	0.0	0.0	1.0	1.0	0.9166666666666666	0.0	1.0
396	NODE_0001872	-0.5313824022250218	1	0.02792748652621264	0.02308078273958856	0.027120315581854043	0.013772749631087064	0.571076011846002	0.0004943153732081067	0.0621272365805169	0.5372104484967964	0.07968519429414658	0.08890005022601707
397	NODE_0002376	-2.156187782398405	1	0.013986013986013986	0.30434782608695654	0.0	0.04316546762589928	0.08571428571428572	0.0	0.0	0.17482517482517482	0.19148936170212766	0.007246376811594203
398	NODE_0002378	-2.5339823356163524	1	0.014184397163120567	0.3088235294117647	0.0	0.0364963503649635	0.08695652173913043	0.0	0.0	0.1773049645390071	0.19424460431654678	0.0
399	NODE_0001855	-2.5339823356163524	1	0.0	0.32061068702290074	0.0	0.03787878787878788	0.09022556390977443	0.0	0.0	0.18382352941176472	0.20149253731343283	0.0
400	NODE_0002034	-2.5339823356163524	1	0.0	0.3230769230769231	0.0	0.03816793893129771	0.09090909090909091	0.0	0.0	0.18518518518518517	0.20300751879699247	0.0
401	NODE_0002041	-2.5338053685418696	1	0.0	0.34146341463414637	0.0	0.04065040650406504	0.0967741935483871	0.0	0.0	0.1889763779527559	0.21428571428571427	0.0
402	NODE_0002472	-2.5338053685418696	2	0.0	0.8571428571428571	0.0	0.23809523809523808	0.0	0.0	0.0	0.0	0.0	0.0
403	NODE_0002474	-2.5338053685418696	2	0.0	0.9473684210526315	0.0	0.2631578947368421	0.0	0.0	0.0	0.0	0.0	0.0
404	NODE_0002475	-2.5338053685418696	3	0.0	1.0	0.0	0.2777777777777778	0.0	0.0	0.0	0.0	0.0	0.0
405	NODE_0002480	-2.5338053685418696	3	0.0	1.0	0.0	0.0	0.0	0.0	0.0	0.0	0.0	0.0
406	NODE_0002481	-2.5338053685418696	3	0.0	1.0	0.0	0.0	0.0	0.0	0.0	0.0	0.0	0.0
407	NODE_0002482	-2.5338053685418696	3	0.0	1.0	0.0	0.0	0.0	0.0	0.0	0.0	0.0	0.0
408	NODE_0002483	-2.5338053685418696	3	0.0	1.0	0.0	0.0	0.0	0.0	0.0	0.0	0.0	0.0
409	NODE_0002060	-7.369032194928952	1	0.0	0.23529411764705882	0.0	0.0	0.11650485436893204	0.0	0.0	0.22641509433962265	0.2571428571428571	0.0
410	NODE_0002064	-7.369032194928952	1	0.0	0.24	0.0	0.0	0.1188118811881188	0.0	0.0	0.23076923076923078	0.2621359223300971	0.0
411	NODE_0002445	-7.369032194928952	1	0.0	0.96	0.0	0.0	0.4583333333333333	0.0	0.0	0.0	0.0	0.0
412	NODE_0002446	-7.369032194928952	2	0.0	1.0	0.0	0.0	0.4782608695652174	0.0	0.0	0.0	0.0	0.0
413	NODE_0002453	-7.369032194928952	2	0.0	1.0	0.0	0.0	0.6111111111111112	0.0	0.0	0.0	0.0	0.0
414	NODE_0002460	-7.369032194928952	3	0.0	1.0	0.0	0.0	1.0	0.0	0.0	0.0	0.0	0.0
415	NODE_0002093	-5.776233913684109	1	0.0	0.0	0.0	0.0	0.012987012987012988	0.0	0.0	0.3116883116883117	0.35526315789473684	0.0
416	NODE_0002103	-5.775531640958888	1	0.0	0.0	0.0	0.0	0.014084507042253521	0.0	0.0	0.3380281690140845	0.38028169014084506	0.0
417	NODE_0002492	-5.775531640958888	6	0.0	0.0	0.0	0.0	0.0	0.0	0.0	0.8888888888888888	1.0	0.0
418	NODE_0002494	-5.775531640958888	7	0.0	0.0	0.0	0.0	0.0	0.0	0.0	0.92	1.0	0.0
419	NODE_0002504	-5.775531640958888	7	0.0	0.0	0.0	0.0	0.0	0.0	0.0	0.8666666666666667	1.0	0.0
420	NODE_0002131	-5.775531640958888	1	0.0	0.0	0.0	0.0	0.022727272727272728	0.0	0.0	0.0	0.0	0.0
421	NODE_0002135	-5.775531640958888	1	0.0	0.0	0.0	0.0	0.0	0.0	0.0	0.0	0.0	0.0
422	NODE_0002136	-5.775531640958888	1	0.0	0.0	0.0	0.0	0.0	0.0	0.0	0.0	0.0	0.0
423	NODE_0002140	-5.775531640958888	1	0.0	0.0	0.0	0.0	0.0	0.0	0.0	0.0	0.0	0.0
424	NODE_0002143	-5.775531640958888	1	0.0	0.0	0.0	0.0	0.0	0.0	0.0	0.0	0.0	0.0
425	NODE_0002144	-5.775531640958888	1	0.0	0.0	0.0	0.0	0.0	0.0	0.0	0.0	0.0	0.0
426	NODE_0002147	-5.775531640958888	1	0.0	0.0	0.0	0.0	0.0	0.0	0.0	0.0	0.0	0.0
427	NODE_0002148	-5.775531640958888	1	0.0	0.0	0.0	0.0	0.0	0.0	0.0	0.0	0.0	0.0
428	NODE_0002405	-5.775531640958888	1	0.0	0.0	0.0	0.0	0.043478260869565216	0.0	0.0	0.0	0.0	0.0
429	NODE_0002406	-5.775531640958888	2	0.0	0.0	0.0	0.0	0.045454545454545456	0.0	0.0	0.0	0.0	0.0
430	NODE_0002407	-5.775531640958888	2	0.0	0.0	0.0	0.0	0.0	0.0	0.0	0.0	0.0	0.0
431	NODE_0002415	-5.775531640958888	2	0.0	0.0	0.0	0.0	0.0	0.0	0.0	0.0	0.0	0.0
432	NODE_0002168	-5.775531640958888	2	0.0	0.0	0.0	0.0	0.0	0.0	0.0	0.0	0.0	0.0
433	NODE_0002170	-5.775531640958888	2	0.0	0.0	0.0	0.0	0.0	0.0	0.0	0.0	0.0	0.0
434	NODE_0001996	-0.20496668153539033	1	0.02304394426580922	0.0016456390565002743	0.029633620689655173	0.011821601289629231	0.6179168915272532	0.0005387931034482759	0.06782419967444384	0.5747436589314625	0.07261968800430339	0.09665019220208676
435	NODE_0002184	-0.2049001318034482	1	0.02308105206655931	0.0016483516483516484	0.029681597409606044	0.011840688912809472	0.6189189189189189	0.0005396654074473826	0.06793478260869565	0.5756756756756757	0.07273706896551724	0.0968096809680968
436	NODE_0002188	-10.375280167966652	1	0.017857142857142856	0.0	0.0	0.375	0.36	0.0	0.18181818181818182	0.3148148148148148	0.0	0.6981132075471698
437	NODE_0002191	-10.375280167966652	1	0.0	0.0	0.0	0.0	0.0	0.0	0.0	0.0	0.0	0.8181818181818182
438	NODE_0002075	-10.375280167966652	1	0.0	0.0	0.0	0.0	0.0	0.0	0.0	0.0	0.0	0.9
439	NODE_0002076	-10.375280167966652	1	0.0	0.0	0.0	0.0	0.0	0.0	0.0	0.0	0.0	0.9473684210526315
440	NODE_0002077	-10.375280167966652	3	0.0	0.0	0.0	0.0	0.0	0.0	0.0	0.0	0.0	1.0
441	NODE_0002198	-10.375280167966652	3	0.0	0.0	0.0	0.0	0.0	0.0	0.0	0.0	0.0	1.0
442	NODE_0002204	-10.375280167966652	3	0.0	0.0	0.0	0.0	0.0	0.0	0.0	0.0	0.0	1.0
443	NODE_0002219	-10.375280167966652	1	0.029411764705882353	0.0	0.0	0.6176470588235294	0.5294117647058824	0.0	0.30303030303030304	0.53125	0.0	0.6129032258064516
444	NODE_0002628	-10.375280167966652	1	0.0	0.0	0.0	0.0	0.0	0.0	0.8333333333333334	0.0	0.0	0.0
445	NODE_0002630	-10.375280167966652	3	0.0	0.0	0.0	0.0	0.0	0.0	1.0	0.0	0.0	0.0
446	NODE_0002645	-10.375280167966652	2	0.047619047619047616	0.0	0.0	1.0	0.8571428571428571	0.0	0.0	0.8947368421052632	0.0	1.0
447	NODE_0002647	-10.375280167966652	4	0.05263157894736842	0.0	0.0	1.0	0.9473684210526315	0.0	0.0	1.0	0.0	1.0
448	NODE_0002648	-10.375280167966652	5	0.05555555555555555	0.0	0.0	1.0	1.0	0.0	0.0	1.0	0.0	1.0
449	NODE_0002649	-10.375280167966652	5	0.058823529411764705	0.0	0.0	1.0	1.0	0.0	0.0	1.0	0.0	1.0
450	NODE_0002650	-10.375280167966652	5	0.0625	0.0	0.0	1.0	1.0	0.0	0.0	1.0	0.0	1.0
451	NODE_0002237	-10.375280167966652	5	0.08333333333333333	0.0	0.0	1.0	1.0	0.0	0.0	1.0	0.0	1.0
452	NODE_0002240	-10.375280167966652	5	0.09090909090909091	0.0	0.0	1.0	1.0	0.0	0.0	1.0	0.0	1.0
453	NODE_0002258	0.4100015219606526	1	0.02324294410625346	0.001697792869269949	0.030589543937708564	0.0005549389567147614	0.6261111111111111	0.0005564830272676684	0.06442577030812324	0.5835189309576837	0.075	0.07875354107648726
454	NODE_0002259	-5.1315377987359465	1	0.0196078431372549	0.0	0.0	0.0	0.0	0.0	0.0	0.0	0.0196078431372549	0.04
455	NODE_0002287	-5.1315377987359465	1	0.02631578947368421	0.0	0.0	0.0	0.0	0.0	0.0	0.0	0.02631578947368421	0.05263157894736842
456	NODE_0002340	-5.1315377987359465	1	0.02702702702702703	0.0	0.0	0.0	0.0	0.0	0.0	0.0	0.02702702702702703	0.05405405405405406
457	NODE_0002296	-5.1315377987359465	1	0.030303030303030304	0.0	0.0	0.0	0.0	0.0	0.0	0.0	0.030303030303030304	0.06060606060606061
458	NODE_0002297	-5.1315377987359465	1	0.03125	0.0	0.0	0.0	0.0	0.0	0.0	0.0	0.03125	0.0625
459	NODE_0002300	-5.1315377987359465	1	0.037037037037037035	0.0	0.0	0.0	0.0	0.0	0.0	0.0	0.037037037037037035	0.07407407407407407
460	NODE_0002302	-5.1315377987359465	1	0.04	0.0	0.0	0.0	0.0	0.0	0.0	0.0	0.04	0.08
461	NODE_0002303	-5.1315377987359465	1	0.041666666666666664	0.0	0.0	0.0	0.0	0.0	0.0	0.0	0.041666666666666664	0.08333333333333333
462	NODE_0002305	-5.1315377987359465	1	0.047619047619047616	0.0	0.0	0.0	0.0	0.0	0.0	0.0	0.0	0.09523809523809523
463	NODE_0002307	-5.1315377987359465	1	0.05263157894736842	0.0	0.0	0.0	0.0	0.0	0.0	0.0	0.0	0.10526315789473684
464	NODE_0002366	-5.1315377987359465	2	0.0	0.0	0.0	0.0	0.0	0.0	0.0	0.0	0.0	0.0
465	NODE_0002367	-5.1315377987359465	2	0.0	0.0	0.0	0.0	0.0	0.0	0.0	0.0	0.0	0.0
466	NODE_0002323	0.4834752657382392	1	0.02334851936218679	0.0017472335468841002	0.031482541499713794	0.0005711022272986865	0.6443682104059463	0.000572737686139748	0.06632064590542099	0.6005730659025788	0.07661520869068039	0.07988338192419825
467	NODE_0002324	-6.556666443705695	1	0.007874015748031496	0.016129032258064516	0.12698412698412698	0.0	0.007874015748031496	0.0	0.024	0.0	0.0	0.0
468	NODE_0002329	-6.556666443705695	1	0.0	0.08695652173913043	0.08	0.0	0.0	0.0	0.0	0.0	0.0	0.0
469	NODE_0002331	-6.556666443705695	1	0.0	0.0	0.16666666666666666	0.0	0.0	0.0	0.0	0.0	0.0	0.0
470	NODE_0002342	-6.556666443705695	1	0.0	0.18181818181818182	0.0	0.0	0.0	0.0	0.0	0.0	0.0	0.0
471	NODE_0002061	-6.556666443705695	1	0.0	0.25	0.0	0.0	0.0	0.0	0.0	0.0	0.0	0.0
472	NODE_0002354	-7.286750737088981	1	0.00980392156862745	0.0	0.13861386138613863	0.0	0.00980392156862745	0.0	0.03	0.0	0.0	0.0
473	NODE_0002355	-7.286750737088981	1	0.0	0.0	0.0	0.0	0.0	0.0	0.024390243902439025	0.0	0.0	0.0
474	NODE_0002365	-7.286750737088981	1	0.0	0.0	0.0	0.0	0.0	0.0	0.02857142857142857	0.0	0.0	0.0
475	NODE_0002109	-7.286750737088981	1	0.0	0.0	0.0	0.0	0.0	0.0	0.03225806451612903	0.0	0.0	0.0
476	NODE_0002371	-7.286750737088981	1	0.0	0.0	0.0	0.0	0.0	0.0	0.03333333333333333	0.0	0.0	0.0
477	NODE_0002373	-7.286750737088981	1	0.0	0.0	0.0	0.0	0.0	0.0	0.034482758620689655	0.0	0.0	0.0
478	NODE_0002374	-7.286750737088981	1	0.0	0.0	0.0	0.0	0.0	0.0	0.03571428571428571	0.0	0.0	0.0
479	NODE_0002383	-7.286750737088981	1	0.0	0.0	0.0	0.0	0.0	0.0	0.05555555555555555	0.0	0.0	0.0
480	NODE_0002386	-7.286750737088981	1	0.0	0.0	0.0	0.0	0.0	0.0	0.0625	0.0	0.0	0.0
481	NODE_0002387	-7.286750737088981	1	0.0	0.0	0.0	0.0	0.0	0.0	0.06666666666666667	0.0	0.0	0.0
482	NODE_0002391	-7.286750737088981	1	0.0	0.0	0.0	0.0	0.0	0.0	0.07692307692307693	0.0	0.0	0.0
483	NODE_0002399	-7.286750737088981	1	0.0	0.0	0.0	0.0	0.0	0.0	0.1	0.0	0.0	0.0
484	NODE_0002417	-8.427703074245741	1	0.01639344262295082	0.0	0.23333333333333334	0.0	0.01639344262295082	0.0	0.03389830508474576	0.0	0.0	0.0
485	NODE_0002425	-8.321274203577108	1	0.0	0.0	0.25925925925925924	0.0	0.018518518518518517	0.0	0.03773584905660377	0.0	0.0	0.0
486	NODE_0002572	-8.321274203577108	1	0.0	0.0	0.2641509433962264	0.0	0.018867924528301886	0.0	0.038461538461538464	0.0	0.0	0.0
487	NODE_0002428	-8.321274203577108	1	0.0	0.0	0.2857142857142857	0.0	0.02040816326530612	0.0	0.041666666666666664	0.0	0.0	0.0
488	NODE_0002435	-8.321274203577108	1	0.0	0.0	0.32558139534883723	0.0	0.023255813953488372	0.0	0.047619047619047616	0.0	0.0	0.0
489	NODE_0002439	-8.321274203577108	1	0.0	0.0	0.34146341463414637	0.0	0.024390243902439025	0.0	0.0	0.0	0.0	0.0
490	NODE_0002441	-8.321274203577108	1	0.0	0.0	0.358974358974359	0.0	0.02564102564102564	0.0	0.0	0.0	0.0	0.0
491	NODE_0002442	-8.321274203577108	1	0.0	0.0	0.3684210526315789	0.0	0.02631578947368421	0.0	0.0	0.0	0.0	0.0
492	NODE_0002454	-8.321274203577108	1	0.0	0.0	0.56	0.0	0.04	0.0	0.0	0.0	0.0	0.0
493	NODE_0002602	-8.321274203577108	1	0.0	0.0	0.09090909090909091	0.0	0.09090909090909091	0.0	0.0	0.0	0.0	0.0
494	NODE_0002462	-8.321274203577108	1	0.0	0.0	0.9285714285714286	0.0	0.0	0.0	0.0	0.0	0.0	0.0
495	NODE_0002612	-8.321274203577108	1	0.0	0.0	1.0	0.0	0.0	0.0	0.0	0.0	0.0	0.0
496	NODE_0002477	0.684558687200632	1	0.024554941682013505	0.0006277463904582549	0.024059222702035782	0.0006157635467980296	0.6942046855733662	0.0006172839506172839	0.06960845245494096	0.6477132262051916	0.08256315465187923	0.08610936517913262
497	NODE_0002485	1.6178255937900368	1	0.0	0.0	0.0	0.0	0.0	0.0	0.9649122807017544	0.9099099099099099	0.0	0.9017857142857143
498	NODE_0002487	1.6178255937900368	1	0.0	0.0	0.0	0.0	0.0	0.0	0.9734513274336283	0.9181818181818182	0.0	0.9099099099099099
499	NODE_0002666	1.6178255937900368	2	0.0	0.0	0.0	0.0	0.0	0.0	1.0	0.9439252336448598	0.0	0.9351851851851852
500	NODE_0002490	1.6178255937900368	2	0.0	0.0	0.0	0.0	0.0	0.0	1.0	0.9528301886792453	0.0	0.9439252336448598
501	NODE_0002670	1.6197335576349856	4	0.0	0.0	0.0	0.0	0.0	0.0	1.0	0.9805825242718447	0.0	0.9711538461538461
502	NODE_0002671	1.6198420141324519	6	0.0	0.0	0.0	0.0	0.0	0.0	1.0	0.9901960784313726	0.0	0.9805825242718447
503	NODE_0002672	1.3122173695663355	7	0.0	0.0	0.0	0.0	0.0	0.0	1.0	0.9901960784313726	0.0	0.9901960784313726
504	NODE_0002673	1.0678610433027644	10	0.0	0.0	0.0	0.0	0.0	0.0	1.0	0.9900990099009901	0.0	1.0
505	NODE_0002675	1.0682606862715744	10	0.0	0.0	0.0	0.0	0.0	0.0	1.0	0.98989898989899	0.0	1.0
506	NODE_0002689	2.0986589395197903	10	0.0	0.0	0.0	0.0	0.0	0.0	1.0	0.9882352941176471	0.0	1.0
507	NODE_0002276	2.022723854071932	10	0.0	0.0	0.0	0.0	0.0	0.0	1.0	1.0	0.0	1.0
508	NODE_0002533	1.6869732741690922	10	0.0	0.0	0.0	0.0	0.0	0.0	1.0	1.0	0.0	1.0
509	NODE_0002542	1.6869732741690922	10	0.0	0.0	0.0	0.0	0.0	0.0	1.0	1.0	0.0	1.0
510	NODE_0002545	1.6869732741690922	10	0.0	0.0	0.0	0.0	0.0	0.0	1.0	1.0	0.0	1.0
511	NODE_0002546	1.6869732741690922	10	0.0	0.0	0.0	0.0	0.0	0.0	1.0	1.0	0.0	1.0
512	NODE_0002550	1.6869732741690922	10	0.0	0.0	0.0	0.0	0.0	0.0	1.0	1.0	0.0	1.0
513	NODE_0002554	1.6869732741690922	10	0.0	0.0	0.0	0.0	0.0	0.0	1.0	1.0	0.0	1.0
514	NODE_0002558	1.6869732741690922	10	0.0	0.0	0.0	0.0	0.0	0.0	1.0	1.0	0.0	1.0
515	NODE_0002565	1.6869732741690922	10	0.0	0.0	0.0	0.0	0.0	0.0	1.0	1.0	0.0	1.0
516	NODE_0002566	1.6869732741690922	10	0.0	0.0	0.0	0.0	0.0	0.0	1.0	1.0	0.0	1.0
517	NODE_0002571	1.6869732741690922	10	0.0	0.0	0.0	0.0	0.0	0.0	1.0	1.0	0.0	1.0
518	NODE_0002576	1.6869732741690922	10	0.0	0.0	0.0	0.0	0.0	0.0	1.0	1.0	0.0	1.0
519	NODE_0002578	1.6869732741690922	10	0.0	0.0	0.0	0.0	0.0	0.0	1.0	1.0	0.0	1.0
520	NODE_0002582	1.6869732741690922	10	0.0	0.0	0.0	0.0	0.0	0.0	1.0	1.0	0.0	1.0
521	NODE_0002583	1.6869732741690922	10	0.0	0.0	0.0	0.0	0.0	0.0	1.0	1.0	0.0	1.0
522	NODE_0002584	1.6869732741690922	10	0.0	0.0	0.0	0.0	0.0	0.0	1.0	1.0	0.0	1.0
523	NODE_0002604	0.27729401429186323	1	0.026420079260237782	0.0006752194463200541	0.025896414342629483	0.0006626905235255136	0.746684350132626	0.000664451827242525	0.0013377926421404682	0.6284007962840079	0.08885941644562334	0.02434077079107505
524	NODE_0002614	0.27729401429186323	1	0.026490066225165563	0.0006765899864682003	0.02596537949400799	0.000664451827242525	0.7486702127659575	0.0006662225183211193	0.0013413816230717639	0.6300731869594145	0.08909574468085106	0.024390243902439025
525	NODE_0002619	0.3019177575441392	1	0.02656042496679947	0.0006784260515603799	0.0260347129506008	0.0006662225183211193	0.7506666666666667	0.0006680026720106881	0.0013440860215053765	0.6317545030020013	0.08933333333333333	0.024456521739130436
526	NODE_0002623	0.3019177575441392	1	0.02661343978709248	0.0006798096532970768	0.02608695652173913	0.0006675567423230974	0.7521710086840347	0.0006693440428380187	0.0013468013468013469	0.6330213903743316	0.0895123580494322	0.02450646698434309
527	NODE_0002624	-5.377201079343461	1	0.06640625	0.001976284584980237	0.07677165354330709	0.0	0.2982456140350877	0.0019646365422396855	0.0019801980198019802	0.0038910505836575876	0.2618110236220472	0.06772908366533864
528	NODE_0002625	-21.968344141335674	1	0.19607843137254902	0.0	0.33	0.0	0.15841584158415842	0.0	0.0	0.0	0.00980392156862745	0.3229166666666667
529	NODE_0002626	-21.968344141335674	1	0.43478260869565216	0.0	0.0	0.0	0.391304347826087	0.0	0.0	0.0	0.0	0.0
530	NODE_0002654	-21.968344141335674	1	0.6923076923076923	0.0	0.0	0.0	0.6923076923076923	0.0	0.0	0.0	0.0	0.0
531	NODE_0002657	-21.968344141335674	1	0.8181818181818182	0.0	0.0	0.0	0.8181818181818182	0.0	0.0	0.0	0.0	0.0
532	NODE_0002293	-21.968344141335674	1	0.9	0.0	0.0	0.0	0.9	0.0	0.0	0.0	0.0	0.0
533	NODE_0002677	-20.67541926957387	1	0.12658227848101267	0.0	0.42857142857142855	0.0	0.08974358974358974	0.0	0.0	0.0	0.012658227848101266	0.4246575342465753
534	NODE_0002678	-20.67541926957387	1	0.07692307692307693	0.0	0.0	0.0	0.24	0.0	0.0	0.0	0.0	0.0
535	NODE_0002679	-20.67541926957387	1	0.08333333333333333	0.0	0.0	0.0	0.0	0.0	0.0	0.0	0.0	0.0
536	NODE_0002683	-20.67541926957387	1	0.1	0.0	0.0	0.0	0.0	0.0	0.0	0.0	0.0	0.0
537	NODE_0002692	-20.67541926957387	1	0.07142857142857142	0.0	0.0	0.0	0.42857142857142855	0.0	0.0	0.0	0.0	0.0
538	NODE_0002694	-20.67541926957387	1	0.08333333333333333	0.0	0.0	0.0	0.5	0.0	0.0	0.0	0.0	0.0
539	NODE_0002520	-18.32599166604098	1	0.1509433962264151	0.0	0.6470588235294118	0.0	0.018867924528301886	0.0	0.0	0.0	0.018867924528301886	0.6595744680851063
540	NODE_0002706	-18.32599166604098	1	0.15384615384615385	0.0	0.66	0.0	0.019230769230769232	0.0	0.0	0.0	0.019230769230769232	0.6739130434782609
541	NODE_0002525	-18.32599166604098	1	0.16666666666666666	0.0	0.6875	0.0	0.020833333333333332	0.0	0.0	0.0	0.020833333333333332	0.7209302325581395
542	NODE_0002710	-18.32599166604098	1	0.17777777777777778	0.0	0.7333333333333333	0.0	0.022222222222222223	0.0	0.0	0.0	0.022222222222222223	0.7560975609756098
543	NODE_0002714	-18.32599166604098	1	0.18181818181818182	0.0	0.75	0.0	0.022727272727272728	0.0	0.0	0.0	0.022727272727272728	0.775
544	NODE_0002717	-18.32599166604098	1	0.1	0.0	0.825	0.0	0.025	0.0	0.0	0.0	0.025	0.8378378378378378
545	NODE_0002720	-18.32599166604098	1	0.10526315789473684	0.0	0.868421052631579	0.0	0.02631578947368421	0.0	0.0	0.0	0.02631578947368421	0.8857142857142857
546	NODE_0002721	-18.32599166604098	1	0.10810810810810811	0.0	0.8918918918918919	0.0	0.02702702702702703	0.0	0.0	0.0	0.02702702702702703	0.9117647058823529
547	NODE_0002539	-18.32599166604098	2	0.11764705882352941	0.0	0.9705882352941176	0.0	0.029411764705882353	0.0	0.0	0.0	0.029411764705882353	1.0
548	NODE_0002540	-18.32599166604098	2	0.12121212121212122	0.0	1.0	0.0	0.0	0.0	0.0	0.0	0.030303030303030304	1.0
549	NODE_0002556	-18.32599166604098	2	0.11764705882352941	0.0	1.0	0.0	0.0	0.0	0.0	0.0	0.0	1.0
550	NODE_0002561	-18.32599166604098	2	0.08333333333333333	0.0	1.0	0.0	0.0	0.0	0.0	0.0	0.0	1.0
551	NODE_0002748	-4.50180105940889	1	0.03414634146341464	0.002457002457002457	0.014705882352941176	0.0	0.3325242718446602	0.0024449877750611247	0.0024813895781637717	0.0048543689320388345	0.3251231527093596	0.007389162561576354
552	NODE_0002752	-3.671080685267762	1	0.01639344262295082	0.01694915254237288	0.0	0.0	0.06557377049180328	0.016129032258064516	0.0	0.016129032258064516	0.0	0.05084745762711865
553	NODE_0002755	-3.671080685267762	1	0.01694915254237288	0.017241379310344827	0.0	0.0	0.06779661016949153	0.016666666666666666	0.0	0.016666666666666666	0.0	0.05172413793103448
554	NODE_0002756	-3.671080685267762	1	0.0	0.0	0.0	0.0	0.26666666666666666	0.0	0.0	0.06666666666666667	0.0	0.14285714285714285
555	NODE_0002826	-4.348026711252775	1	0.03724928366762178	0.0	0.01729106628242075	0.0	0.3789173789173789	0.0	0.002932551319648094	0.002857142857142857	0.3826086956521739	0.0
556	NODE_0002836	-4.347657556144674	1	0.038348082595870206	0.0	0.017804154302670624	0.0	0.39002932551319647	0.0	0.0030211480362537764	0.0029411764705882353	0.3940298507462687	0.0
557	NODE_0002838	-4.347657556144674	1	0.0	0.0	0.07142857142857142	0.0	0.06666666666666667	0.0	0.0	0.0	0.0	0.0
558	NODE_0002046	-4.347657556144674	1	0.0	0.0	0.07692307692307693	0.0	0.07142857142857142	0.0	0.0	0.0	0.0	0.0
559	NODE_0002840	-4.347657556144674	1	0.0	0.0	0.08333333333333333	0.0	0.07692307692307693	0.0	0.0	0.0	0.0	0.0
560	NODE_0002048	-4.347657556144674	1	0.0	0.0	0.09090909090909091	0.0	0.0	0.0	0.0	0.0	0.0	0.0
561	NODE_0002851	-4.277686326205055	1	0.040123456790123455	0.0	0.015479876160990712	0.0	0.4049079754601227	0.0	0.0031645569620253164	0.003076923076923077	0.4125	0.0
562	NODE_0002880	-4.274781676265207	1	0.02348993288590604	0.0	0.016778523489932886	0.0	0.44	0.0	0.0034482758620689655	0.0033444816053511705	0.4489795918367347	0.0
563	NODE_0002884	-4.274781676265207	1	0.023728813559322035	0.0	0.01694915254237288	0.0	0.4444444444444444	0.0	0.003484320557491289	0.0033783783783783786	0.4536082474226804	0.0
564	NODE_0002889	-4.274781676265207	1	0.023890784982935155	0.0	0.017064846416382253	0.0	0.44745762711864406	0.0	0.0035087719298245615	0.003401360544217687	0.45674740484429066	0.0
565	NODE_0002892	-4.274781676265207	1	0.024054982817869417	0.0	0.01718213058419244	0.0	0.45051194539249145	0.0	0.0035335689045936395	0.003424657534246575	0.45993031358885017	0.0
566	NODE_0002893	-4.274781676265207	1	0.0	0.0	0.0	0.0	0.0	0.0	0.0	0.0	0.0	0.0
567	NODE_0002906	-4.386208106291964	1	0.025089605734767026	0.0	0.017857142857142856	0.0	0.4697508896797153	0.0	0.0036900369003690036	0.0035714285714285713	0.48	0.0
568	NODE_0002909	-4.386208106291964	1	0.02527075812274368	0.0	0.017985611510791366	0.0	0.4731182795698925	0.0	0.0037174721189591076	0.0035971223021582736	0.4835164835164835	0.0
569	NODE_0002912	-4.386208106291964	1	0.025362318840579712	0.0	0.018050541516245487	0.0	0.4748201438848921	0.0	0.0037313432835820895	0.0036101083032490976	0.4852941176470588	0.0
570	NODE_0002914	-4.386208106291964	1	0.025454545454545455	0.0	0.018115942028985508	0.0	0.47653429602888087	0.0	0.003745318352059925	0.0036231884057971015	0.4870848708487085	0.0
571	NODE_0002918	-4.386208106291964	1	0.025547445255474453	0.0	0.01818181818181818	0.0	0.4782608695652174	0.0	0.0037593984962406013	0.0036363636363636364	0.4888888888888889	0.0
572	NODE_0002919	-4.386208106291964	1	0.02564102564102564	0.0	0.01824817518248175	0.0	0.48	0.0	0.0037735849056603774	0.0036496350364963502	0.49070631970260226	0.0
573	NODE_0002930	-4.383856652856684	1	0.026615969581749048	0.0	0.01893939393939394	0.0	0.49056603773584906	0.0	0.00392156862745098	0.003787878787878788	0.5096525096525096	0.0
574	NODE_0002937	-4.383856652856684	1	0.027131782945736434	0.0	0.019305019305019305	0.0	0.5	0.0	0.003968253968253968	0.003861003861003861	0.5176470588235295	0.0
575	NODE_0002943	-4.383856652856684	1	0.027450980392156862	0.0	0.01953125	0.0	0.5058365758754864	0.0	0.004016064257028112	0.00390625	0.5238095238095238	0.0
576	NODE_0002948	-4.374758462288357	1	0.027888446215139442	0.0	0.019762845849802372	0.0	0.5138339920948617	0.0	0.0	0.003968253968253968	0.532258064516129	0.0
577	NODE_0002952	-4.374758462288357	1	0.028225806451612902	0.0	0.02	0.0	0.52	0.0	0.0	0.004016064257028112	0.5387755102040817	0.0
578	NODE_0002958	-4.304635367942461	1	0.024793388429752067	0.0	0.020491803278688523	0.0	0.5327868852459017	0.0	0.0	0.00411522633744856	0.5523012552301255	0.0
579	NODE_0002967	-4.091603185532199	1	0.02531645569620253	0.0	0.02092050209205021	0.0	0.5439330543933054	0.0	0.0	0.004201680672268907	0.5641025641025641	0.0
580	NODE_0002976	-4.056990885710536	1	0.02643171806167401	0.0	0.021834061135371178	0.0	0.5589519650655022	0.0	0.0	0.0043859649122807015	0.5892857142857143	0.0
581	NODE_0002984	-4.7037347266291825	1	0.02727272727272727	0.0	0.02252252252252252	0.0	0.5765765765765766	0.0	0.0	0.004524886877828055	0.6036866359447005	0.0
582	NODE_0002986	-4.703665564709136	1	0.027522935779816515	0.0	0.022727272727272728	0.0	0.5818181818181818	0.0	0.0	0.0045662100456621	0.6093023255813953	0.0
583	NODE_0002987	-6.385713816119309	1	0.039473684210526314	0.0	0.06493506493506493	0.0	0.0	0.0	0.0	0.012987012987012988	0.0	0.0
584	NODE_0002207	-6.385713816119309	1	0.030303030303030304	0.0	0.0	0.0	0.0	0.0	0.0	0.0	0.0	0.0
585	NODE_0002208	-6.385713816119309	1	0.03125	0.0	0.0	0.0	0.0	0.0	0.0	0.0	0.0	0.0
586	NODE_0002209	-6.385713816119309	1	0.03225806451612903	0.0	0.0	0.0	0.0	0.0	0.0	0.0	0.0	0.0
587	NODE_0002212	-6.385713816119309	1	0.03571428571428571	0.0	0.0	0.0	0.0	0.0	0.0	0.0	0.0	0.0
588	NODE_0002230	-6.385713816119309	1	0.1	0.0	0.0	0.0	0.0	0.0	0.0	0.0	0.0	0.0
589	NODE_0003016	-6.385713816119309	1	0.046511627906976744	0.0	0.11627906976744186	0.0	0.0	0.0	0.0	0.023255813953488372	0.0	0.0
590	NODE_0003017	-6.385713816119309	1	0.07692307692307693	0.0	0.38461538461538464	0.0	0.0	0.0	0.0	0.0	0.0	0.0
591	NODE_0001971	-6.385713816119309	2	0.08333333333333333	0.0	0.4166666666666667	0.0	0.0	0.0	0.0	0.0	0.0	0.0
592	NODE_0003027	-6.385713816119309	1	0.03333333333333333	0.0	0.0	0.0	0.0	0.0	0.0	0.03333333333333333	0.0	0.0
593	NODE_0003034	-6.385713816119309	1	0.04	0.0	0.0	0.0	0.0	0.0	0.0	0.04	0.0	0.0
594	NODE_0003035	-6.385713816119309	1	0.041666666666666664	0.0	0.0	0.0	0.0	0.0	0.0	0.041666666666666664	0.0	0.0
595	NODE_0003038	-6.385713816119309	1	0.045454545454545456	0.0	0.0	0.0	0.0	0.0	0.0	0.045454545454545456	0.0	0.0
596	NODE_0003043	-6.385713816119309	1	0.05555555555555555	0.0	0.0	0.0	0.0	0.0	0.0	0.05555555555555555	0.0	0.0
597	NODE_0002782	-4.310497989117949	1	0.02112676056338028	0.0	0.0	0.0	0.8951048951048951	0.0	0.0	0.0	0.916083916083916	0.0
598	NODE_0003064	-4.194737376201884	1	0.021897810218978103	0.0	0.0	0.0	0.927536231884058	0.0	0.0	0.0	0.9492753623188406	0.0
599	NODE_0003066	-4.194737376201884	1	0.0	0.0	0.0	0.0	0.0	0.0	0.0	0.0	0.4	0.0
600	NODE_0002797	-4.045578226673978	2	0.023622047244094488	0.0	0.0	0.0	1.0	0.0	0.0	0.0	0.9921875	0.0
601	NODE_0002798	-4.462603016761134	3	0.023809523809523808	0.0	0.0	0.0	1.0	0.0	0.0	0.0	1.0	0.0
602	NODE_0002878	-4.462603016761134	3	0.06521739130434782	0.0	0.0	0.0	1.0	0.0	0.0	0.0	1.0	0.0
603	NODE_0002686	-4.462603016761134	3	0.08333333333333333	0.0	0.0	0.0	1.0	0.0	0.0	0.0	1.0	0.0
604	NODE_0002690	-4.462603016761134	3	0.06060606060606061	0.0	0.0	0.0	1.0	0.0	0.0	0.0	1.0	0.0
605	NODE_0003097	-4.462603016761134	3	0.06666666666666667	0.0	0.0	0.0	1.0	0.0	0.0	0.0	1.0	0.0
606	NODE_0003098	-4.462603016761134	3	0.06896551724137931	0.0	0.0	0.0	1.0	0.0	0.0	0.0	1.0	0.0
607	NODE_0003103	-4.462603016761134	3	0.08333333333333333	0.0	0.0	0.0	1.0	0.0	0.0	0.0	1.0	0.0
608	NODE_0003108	-4.462603016761134	3	0.11764705882352941	0.0	0.0	0.0	1.0	0.0	0.0	0.0	1.0	0.0
609	NODE_0003111	-4.462603016761134	3	0.14285714285714285	0.0	0.0	0.0	1.0	0.0	0.0	0.0	1.0	0.0
610	NODE_0003116	-4.462603016761134	3	0.09090909090909091	0.0	0.0	0.0	1.0	0.0	0.0	0.0	1.0	0.0
611	NODE_0003119	-4.462603016761134	3	0.1	0.0	0.0	0.0	1.0	0.0	0.0	0.0	1.0	0.0
612	NODE_0002724	-3.7152801603171945	3	0.0	0.0	0.0	0.0	1.0	0.0	0.0	0.0	1.0	0.0
613	NODE_0002832	-3.7152801603171945	3	0.0	0.0	0.0	0.0	1.0	0.0	0.0	0.0	1.0	0.0
614	NODE_0002740	-4.27207850796065	3	0.0	0.0	0.0	0.0	1.0	0.0	0.0	0.0	1.0	0.0
615	NODE_0003129	-4.125340642851895	3	0.0	0.0	0.0	0.0	1.0	0.0	0.0	0.0	1.0	0.0
616	NODE_0003132	-4.077458987576816	3	0.0	0.0	0.0	0.0	1.0	0.0	0.0	0.0	1.0	0.0
617	NODE_0002857	-4.077458987576816	3	0.0	0.0	0.0	0.0	1.0	0.0	0.0	0.0	1.0	0.0
618	NODE_0002861	-4.077458987576816	3	0.0	0.0	0.0	0.0	1.0	0.0	0.0	0.0	1.0	0.0
619	NODE_0002865	-4.077458987576816	3	0.0	0.0	0.0	0.0	1.0	0.0	0.0	0.0	1.0	0.0
620	NODE_0003152	-4.077458987576816	3	0.0	0.0	0.0	0.0	1.0	0.0	0.0	0.0	1.0	0.0
621	NODE_0002848	-4.077458987576816	3	0.0	0.0	0.0	0.0	1.0	0.0	0.0	0.0	1.0	0.0
622	NODE_0003169	-4.077458987576816	3	0.0	0.0	0.0	0.0	1.0	0.0	0.0	0.0	1.0	0.0
623	NODE_0003171	-4.077458987576816	3	0.0	0.0	0.0	0.0	1.0	0.0	0.0	0.0	1.0	0.0
624	NODE_0003182	-4.077458987576816	3	0.0	0.0	0.0	0.0	1.0	0.0	0.0	0.0	1.0	0.0
625	NODE_0002807	-4.077458987576816	3	0.0	0.0	0.0	0.0	1.0	0.0	0.0	0.0	1.0	0.0
626	NODE_0003191	-4.077458987576816	3	0.0	0.0	0.0	0.0	1.0	0.0	0.0	0.0	1.0	0.0
627	NODE_0003209	1.8988357489898602	1	0.006054490413723511	0.0	0.0	0.0010152284263959391	0.9888211382113821	0.0	0.0010204081632653062	0.9623217922606925	0.0010111223458038423	0.002068252326783868
628	NODE_0003213	1.9040176197786673	1	0.0060790273556231	0.0	0.0	0.0010193679918450561	0.9908163265306122	0.0	0.0010245901639344263	0.9662576687116564	0.0010152284263959391	0.0020768431983385254
629	NODE_0002931	1.9040176197786673	1	0.006085192697768763	0.0	0.0	0.0010204081632653062	0.9918283963227783	0.0	0.0010256410256410256	0.9672466734902764	0.0010162601626016261	0.0020768431983385254
630	NODE_0002932	1.9048643649352794	2	0.006091370558375634	0.0	0.0	0.0010214504596527069	0.9918200408997955	0.0	0.001026694045174538	0.9682377049180327	0.001017293997965412	0.002079002079002079
631	NODE_0002933	1.906005932414835	3	0.00508130081300813	0.0	0.0	0.0010224948875255625	0.9928352098259979	0.0	0.0010277492291880781	0.9682051282051282	0.0010183299389002036	0.002081165452653486
632	NODE_0002936	1.8661554987655034	5	0.004077471967380225	0.0	0.0	0.0010245901639344263	0.9958932238193019	0.0	0.0010298661174047373	0.9681069958847737	0.0010214504596527069	0.0020876826722338203
633	NODE_0002938	1.8995741491006946	5	0.0040858018386108275	0.0	0.0	0.001026694045174538	0.9969135802469136	0.0	0.0010319917440660474	0.9680412371134021	0.0010235414534288639	0.0020920502092050207
634	NODE_0002939	1.9013214524929634	6	0.00408997955010225	0.0	0.0	0.0010277492291880781	0.9979402677651905	0.0	0.0010330578512396695	0.9680082559339526	0.0010245901639344263	0.0020942408376963353
635	NODE_0003026	1.9013214524929634	6	0.0	0.0	0.0	0.1	1.0	0.0	0.0	1.0	0.0	0.0
636	NODE_0003060	1.9013214524929634	6	0.0	0.0	0.0	0.0	1.0	0.0	0.0	1.0	0.0	0.0
637	NODE_0002960	1.9013214524929634	6	0.0	0.0	0.0	0.0	1.0	0.0	0.0	0.8333333333333334	0.0	0.0
638	NODE_0002963	1.9013214524929634	6	0.0	0.0	0.0	0.0	1.0	0.0	0.0	0.9333333333333333	0.0	0.0
639	NODE_0002940	1.9013214524929634	6	0.05263157894736842	0.0	0.0	0.0	1.0	0.0	0.0	0.8947368421052632	0.0	0.0
640	NODE_0003086	1.9013214524929634	6	0.0	0.0	0.0	0.0	1.0	0.0	0.0	0.8214285714285714	0.0	0.0
641	NODE_0003089	1.9013214524929634	6	0.0	0.0	0.0	0.0	1.0	0.0	0.0	0.8	0.0	0.0
642	NODE_0003192	1.9013214524929634	6	0.0	0.0	0.0	0.0	1.0	0.0	0.0	1.0	0.0	0.0
643	NODE_0003216	1.9013214524929634	6	0.0	0.0	0.0	0.0	1.0	0.0	0.0	1.0	0.0	0.0
644	NODE_0003327	1.9013214524929634	6	0.0	0.0	0.0	0.0	1.0	0.0	0.0	1.0	0.0	0.0
645	NODE_0003329	1.9013214524929634	6	0.0	0.0	0.0	0.0	1.0	0.0	0.0	1.0	0.0	0.0
646	NODE_0003333	1.9013214524929634	6	0.0	0.0	0.0	0.0	1.0	0.0	0.0	1.0	0.0	0.0
647	NODE_0003281	2.436980410594993	6	0.006329113924050633	0.0	0.0	0.0	0.9871794871794872	0.0	0.0	0.9872611464968153	0.0	0.00641025641025641
648	NODE_0003335	2.436980410594993	6	0.0	0.0	0.0	0.0	1.0	0.0	0.0	1.0	0.0	0.0
649	NODE_0003338	2.436980410594993	6	0.0	0.0	0.0	0.0	1.0	0.0	0.0	1.0	0.0	0.0
650	NODE_0003410	2.436980410594993	6	0.034482758620689655	0.0	0.0	0.0	1.0	0.0	0.0	0.9655172413793104	0.0	0.0
651	NODE_0003419	2.436980410594993	6	0.05	0.0	0.0	0.0	1.0	0.0	0.0	0.95	0.0	0.0
652	NODE_0003374	2.436980410594993	6	0.09090909090909091	0.0	0.0	0.0	1.0	0.0	0.0	1.0	0.0	0.0
653	NODE_0003375	2.436980410594993	6	0.1	0.0	0.0	0.0	1.0	0.0	0.0	1.0	0.0	0.0
654	NODE_0003387	3.891424675388361	6	0.0	0.0	0.0	0.0	1.0	0.0	0.0	1.0	0.0	0.02
655	NODE_0003389	3.891424675388361	6	0.0	0.0	0.0	0.0	1.0	0.0	0.0	1.0	0.0	0.020833333333333332
656	NODE_0003366	3.891424675388361	6	0.0	0.0	0.0	0.0	1.0	0.0	0.0	1.0	0.0	0.0
657	NODE_0003370	3.891424675388361	6	0.0	0.0	0.0	0.0	1.0	0.0	0.0	1.0	0.0	0.0
658	NODE_0003409	3.891424675388361	6	0.0	0.0	0.0	0.0	1.0	0.0	0.0	1.0	0.0	0.02857142857142857
659	NODE_0003411	3.891424675388361	6	0.0	0.0	0.0	0.0	1.0	0.0	0.0	1.0	0.0	0.07142857142857142
660	NODE_0003351	3.891424675388361	6	0.0	0.0	0.0	0.0	1.0	0.0	0.0	1.0	0.0	0.07692307692307693
661	NODE_0003380	3.891424675388361	6	0.0	0.0	0.0	0.0	1.0	0.0	0.0	1.0	0.0	0.0
662	NODE_0003421	3.891424675388361	6	0.0	0.0	0.0	0.0	1.0	0.0	0.0	1.0	0.0	0.0
663	NODE_0003422	3.891424675388361	6	0.0	0.0	0.0	0.0	1.0	0.0	0.0	1.0	0.0	0.0
664	NODE_0003423	3.891424675388361	6	0.0	0.0	0.0	0.0	1.0	0.0	0.0	1.0	0.0	0.0
665	NODE_0003426	3.891424675388361	6	0.0	0.0	0.0	0.0	1.0	0.0	0.0	1.0	0.0	0.0
666	NODE_0003282	6.717099513622903	6	0.0	0.0	0.0	0.0	0.96	0.0	0.0	0.9807692307692307	0.0	0.0
667	NODE_0003451	6.717099513622903	6	0.0	0.0	0.0	0.0	0.875	0.0	0.0	0.9375	0.0	0.0
668	NODE_0003298	6.717099513622903	6	0.0	0.0	0.0	0.0	0.8181818181818182	0.0	0.0	0.9090909090909091	0.0	0.0
669	NODE_0003308	6.717099513622903	6	0.0	0.0	0.0	0.0	1.0	0.0	0.0	1.0	0.0	0.0
670	NODE_0003309	6.717099513622903	6	0.0	0.0	0.0	0.0	1.0	0.0	0.0	1.0	0.0	0.0
671	NODE_0003474	6.717099513622903	6	0.0	0.0	0.0	0.0	1.0	0.0	0.0	1.0	0.0	0.0
672	NODE_0003475	6.717099513622903	6	0.0	0.0	0.0	0.0	1.0	0.0	0.0	1.0	0.0	0.0
673	NODE_0003476	6.717099513622903	6	0.0	0.0	0.0	0.0	1.0	0.0	0.0	1.0	0.0	0.0
674	NODE_0003050	-0.4301408927056804	6	0.009708737864077669	0.0	0.0	0.0	1.0	0.0	0.0049261083743842365	0.9310344827586207	0.004878048780487805	0.0
675	NODE_0003053	-0.4301408927056804	6	0.0	0.0	0.0	0.0	1.0	0.0	0.0	0.9333333333333333	0.06666666666666667	0.0
676	NODE_0003059	-0.4301408927056804	6	0.0	0.0	0.0	0.0	1.0	0.0	0.0	0.9	0.1	0.0
677	NODE_0003068	-0.9872857942259992	6	0.010471204188481676	0.0	0.0	0.0	1.0	0.0	0.005319148936170213	0.9308510638297872	0.0	0.0
678	NODE_0003069	-0.9872857942259992	6	0.0	0.0	0.0	0.0	1.0	0.0	0.0	1.0	0.0	0.0
679	NODE_0003487	-0.7454794545400161	6	0.011235955056179775	0.0	0.0	0.0	1.0	0.0	0.005714285714285714	0.9257142857142857	0.0	0.0
680	NODE_0003269	-0.7454794545400161	6	0.0	0.0	0.0	0.0	1.0	0.0	0.0	0.6923076923076923	0.0	0.0
681	NODE_0003499	-0.6550769699049571	6	0.012121212121212121	0.0	0.0	0.0	1.0	0.0	0.006172839506172839	0.9444444444444444	0.0	0.0
682	NODE_0003500	-0.6550769699049571	6	0.0	0.0	0.0	0.0	1.0	0.0	0.0	1.0	0.0	0.0
683	NODE_0003505	-0.6550769699049571	6	0.0	0.0	0.0	0.0	1.0	0.0	0.0	1.0	0.0	0.0
684	NODE_0003509	-0.6550769699049571	6	0.0	0.0	0.0	0.0	1.0	0.0	0.0	1.0	0.0	0.0
685	NODE_0003240	-0.6550769699049571	6	0.0	0.0	0.0	0.0	1.0	0.0	0.0	1.0	0.0	0.0
686	NODE_0003533	-1.0317156255561077	6	0.015267175572519083	0.0	0.0	0.0	1.0	0.0	0.007751937984496124	0.9296875	0.0	0.0
687	NODE_0003538	-1.0317156255561077	6	0.0	0.0	0.0	0.0	1.0	0.0	0.0	0.9487179487179487	0.0	0.0
688	NODE_0003226	-1.0317156255561077	6	0.0	0.0	0.0	0.0	1.0	0.0	0.0	1.0	0.0	0.0
689	NODE_0003550	-1.0317156255561077	6	0.0	0.0	0.0	0.0	1.0	0.0	0.0	0.9285714285714286	0.0	0.0
690	NODE_0003161	-1.0317156255561077	6	0.0	0.0	0.0	0.0	1.0	0.0	0.0	0.9259259259259259	0.0	0.0
691	NODE_0003555	-1.0317156255561077	6	0.0	0.0	0.0	0.0	1.0	0.0	0.0	1.0	0.0	0.0
692	NODE_0003558	-1.0317156255561077	6	0.0	0.0	0.0	0.0	1.0	0.0	0.0	1.0	0.0	0.0
693	NODE_0003560	-1.0317156255561077	6	0.0	0.0	0.0	0.0	1.0	0.0	0.0	1.0	0.0	0.0
694	NODE_0003563	-1.0317156255561077	6	0.0	0.0	0.0	0.0	1.0	0.0	0.0	1.0	0.0	0.0
695	NODE_0003570	-0.3900371711337002	6	0.02247191011235955	0.0	0.0	0.0	1.0	0.0	0.011363636363636364	0.9213483146067416	0.0	0.0
696	NODE_0003578	-1.552761330612451	6	0.024390243902439025	0.0	0.0	0.0	1.0	0.0	0.012345679012345678	0.9146341463414634	0.0	0.0
697	NODE_0003588	-2.108231551801823	6	0.0273972602739726	0.0	0.0	0.0	1.0	0.0	0.013888888888888888	0.958904109589041	0.0	0.0
698	NODE_0003591	-2.1713067256629204	6	0.028169014084507043	0.0	0.0	0.0	1.0	0.0	0.014285714285714285	0.9577464788732394	0.0	0.0
699	NODE_0003594	-2.1270971657721414	6	0.014285714285714285	0.0	0.0	0.0	1.0	0.0	0.014492753623188406	0.9571428571428572	0.0	0.0
700	NODE_0003596	-2.427797045830102	6	0.014705882352941176	0.0	0.0	0.0	1.0	0.0	0.014925373134328358	0.9558823529411765	0.0	0.0
701	NODE_0003610	-1.9254478764235348	6	0.01639344262295082	0.0	0.0	0.0	1.0	0.0	0.016666666666666666	0.9508196721311475	0.0	0.0
702	NODE_0003613	-1.0805596977706184	6	0.017543859649122806	0.0	0.0	0.0	1.0	0.0	0.0	0.9473684210526315	0.0	0.0
703	NODE_0003618	-2.000124398888821	6	0.019230769230769232	0.0	0.0	0.0	1.0	0.0	0.0	1.0	0.0	0.0
704	NODE_0003621	-2.000124398888821	6	0.02040816326530612	0.0	0.0	0.0	1.0	0.0	0.0	1.0	0.0	0.0
705	NODE_0003138	-2.000124398888821	6	0.0	0.0	0.0	0.0	1.0	0.0	0.0	1.0	0.0	0.0
706	NODE_0003633	-2.000124398888821	6	0.02702702702702703	0.0	0.0	0.0	1.0	0.0	0.0	1.0	0.0	0.0
707	NODE_0003636	-2.000124398888821	6	0.02857142857142857	0.0	0.0	0.0	1.0	0.0	0.0	1.0	0.0	0.0
708	NODE_0003642	-2.000124398888821	6	0.03333333333333333	0.0	0.0	0.0	1.0	0.0	0.0	1.0	0.0	0.0
709	NODE_0003645	-2.000124398888821	6	0.1	0.0	0.0	0.0	1.0	0.0	0.0	1.0	0.0	0.0
710	NODE_0003650	-2.000124398888821	6	0.0	0.0	0.0	0.0	1.0	0.0	0.0	1.0	0.0	0.0
711	NODE_0003660	-2.000124398888821	6	0.0	0.0	0.0	0.0	1.0	0.0	0.0	1.0	0.0	0.0
712	NODE_0003662	-2.000124398888821	6	0.0	0.0	0.0	0.0	1.0	0.0	0.0	1.0	0.0	0.0
713	NODE_0003438	1.7575152912737286	6	0.0	0.0	0.0	0.0	1.0	0.0	0.0	0.989451476793249	0.0	0.0021231422505307855
714	NODE_0003676	1.7575152912737286	6	0.0	0.0	0.0	0.0	1.0	0.0	0.0	1.0	0.0	0.0
715	NODE_0003678	1.7575152912737286	6	0.0	0.0	0.0	0.0	1.0	0.0	0.0	1.0	0.0	0.0
716	NODE_0003687	-1.6739072236689871	6	0.0	0.0	0.0	0.0	1.0	0.0	0.0	1.0	0.0	0.0
717	NODE_0003691	-1.6739072236689871	6	0.0	0.0	0.0	0.0	1.0	0.0	0.0	1.0	0.0	0.0
718	NODE_0003694	-1.6739072236689871	6	0.0	0.0	0.0	0.0	1.0	0.0	0.0	1.0	0.0	0.0
719	NODE_0003695	-1.6739072236689871	6	0.0	0.0	0.0	0.0	1.0	0.0	0.0	1.0	0.0	0.0
720	NODE_0003626	-1.6739072236689871	6	0.0	0.0	0.0	0.0	1.0	0.0	0.0	1.0	0.0	0.0
721	NODE_0003632	-1.6739072236689871	6	0.0	0.0	0.0	0.0	1.0	0.0	0.0	1.0	0.0	0.0
722	NODE_0003643	-1.6739072236689871	6	0.0	0.0	0.0	0.0	1.0	0.0	0.0	1.0	0.0	0.0
723	NODE_0003644	-1.6739072236689871	6	0.0	0.0	0.0	0.0	1.0	0.0	0.0	1.0	0.0	0.0
724	NODE_0003287	-1.6739072236689871	6	0.0	0.0	0.0	0.0	1.0	0.0	0.0	1.0	0.0	0.0
725	NODE_0003289	-1.6739072236689871	6	0.0	0.0	0.0	0.0	1.0	0.0	0.0	1.0	0.0	0.0
726	NODE_0003723	-1.6739072236689871	6	0.0	0.0	0.0	0.0	1.0	0.0	0.0	1.0	0.0	0.0
727	NODE_0003725	-1.6739072236689871	6	0.0	0.0	0.0	0.0	1.0	0.0	0.0	1.0	0.0	0.0
728	NODE_0003726	-1.6739072236689871	6	0.0	0.0	0.0	0.0	1.0	0.0	0.0	1.0	0.0	0.0
729	NODE_0003730	-1.6739072236689871	6	0.0	0.0	0.0	0.0	1.0	0.0	0.0	1.0	0.0	0.0
730	NODE_0003731	-1.6739072236689871	6	0.0	0.0	0.0	0.0	1.0	0.0	0.0	1.0	0.0	0.0
731	NODE_0003732	-1.6739072236689871	6	0.0	0.0	0.0	0.0	1.0	0.0	0.0	1.0	0.0	0.0
732	NODE_0003734	-1.6739072236689871	6	0.0	0.0	0.0	0.0	1.0	0.0	0.0	1.0	0.0	0.0
733	NODE_0003737	-1.6739072236689871	6	0.0	0.0	0.0	0.0	1.0	0.0	0.0	1.0	0.0	0.0
734	NODE_0003740	-1.6739072236689871	6	0.0	0.0	0.0	0.0	1.0	0.0	0.0	1.0	0.0	0.0
735	NODE_0003439	1.8720715421256409	6	0.0	0.0	0.0	0.0	1.0	0.0	0.0	0.9783783783783784	0.0	0.0
736	NODE_0003318	1.8720715421256409	6	0.0	0.0	0.0	0.0	1.0	0.0	0.0	0.9	0.0	0.0
737	NODE_0003767	1.8720715421256409	6	0.0	0.0	0.0	0.0	1.0	0.0	0.0	1.0	0.0	0.0
738	NODE_0003768	1.8720715421256409	6	0.0	0.0	0.0	0.0	1.0	0.0	0.0	1.0	0.0	0.0
739	NODE_0003776	1.8720715421256409	6	0.0	0.0	0.0	0.0	1.0	0.0	0.0	1.0	0.0	0.0
740	NODE_0003440	1.8720715421256409	6	0.0	0.0	0.0	0.0	1.0	0.0	0.0	0.8	0.0	0.0
741	NODE_0003758	1.8720715421256409	6	0.0	0.0	0.0	0.0	1.0	0.0	0.0	1.0	0.0	0.0
742	NODE_0003447	1.8720715421256409	6	0.0	0.0	0.0	0.0	1.0	0.0	0.0	1.0	0.0	0.0
743	NODE_0003344	1.8720715421256409	6	0.0	0.0	0.0	0.0	1.0	0.0	0.0	1.0	0.0	0.0
744	NODE_0003481	5.388032722759862	6	0.0	0.0	0.0	0.0	1.0	0.0	0.0	1.0	0.0	0.0
745	NODE_0003365	5.388032722759862	6	0.0	0.0	0.0	0.0	1.0	0.0	0.0	1.0	0.0	0.0
746	NODE_0003800	5.388032722759862	6	0.0	0.0	0.0	0.0	1.0	0.0	0.0	1.0	0.0	0.0
747	NODE_0003801	5.388032722759862	6	0.0	0.0	0.0	0.0	1.0	0.0	0.0	1.0	0.0	0.0
748	NODE_0003804	5.388032722759862	6	0.0	0.0	0.0	0.0	1.0	0.0	0.0	1.0	0.0	0.0
749	NODE_0003482	5.388032722759862	6	0.0	0.0	0.0	0.0	1.0	0.0	0.0	1.0	0.0	0.0
750	NODE_0003537	0.9455375872732829	6	0.0	0.0	0.0	0.0	1.0	0.0	0.0	1.0	0.0	0.0
751	NODE_0003549	0.1658001028725776	6	0.0	0.0	0.0	0.0	1.0	0.0	0.0	1.0	0.0	0.0
752	NODE_0003847	1.8532860484723035	6	0.0	0.0	0.0	0.0	1.0	0.0	0.0	1.0	0.0	0.0
753	NODE_0003858	1.8532860484723035	6	0.0	0.0	0.0	0.0	1.0	0.0	0.0	1.0	0.0	0.0
754	NODE_0003861	1.8532860484723035	6	0.0	0.0	0.0	0.0	1.0	0.0	0.0	1.0	0.0	0.0
755	NODE_0003862	1.8532860484723035	6	0.0	0.0	0.0	0.0	1.0	0.0	0.0	1.0	0.0	0.0
756	NODE_0003866	1.8532860484723035	6	0.0	0.0	0.0	0.0	1.0	0.0	0.0	1.0	0.0	0.0
757	NODE_0003607	1.8532860484723035	6	0.0	0.0	0.0	0.0	1.0	0.0	0.0	1.0	0.0	0.0
758	NODE_0003608	1.8532860484723035	6	0.0	0.0	0.0	0.0	1.0	0.0	0.0	1.0	0.0	0.0
759	NODE_0003609	1.8532860484723035	6	0.0	0.0	0.0	0.0	1.0	0.0	0.0	1.0	0.0	0.0
760	NODE_0003871	1.8532860484723035	6	0.0	0.0	0.0	0.0	1.0	0.0	0.0	1.0	0.0	0.0
761	NODE_0003886	1.8532860484723035	6	0.0	0.0	0.0	0.0	1.0	0.0	0.0	1.0	0.0	0.0
762	NODE_0003887	1.8532860484723035	6	0.0	0.0	0.0	0.0	1.0	0.0	0.0	1.0	0.0	0.0
763	NODE_0003894	1.8532860484723035	6	0.0	0.0	0.0	0.0	1.0	0.0	0.0	1.0	0.0	0.0
764	NODE_0003896	1.8532860484723035	6	0.0	0.0	0.0	0.0	1.0	0.0	0.0	1.0	0.0	0.0
765	NODE_0003897	1.8532860484723035	6	0.0	0.0	0.0	0.0	1.0	0.0	0.0	1.0	0.0	0.0
766	NODE_0003705	2.4470727018205953	6	0.0	0.0	0.0	0.0	1.0	0.0	0.0	0.995260663507109	0.0	0.004784688995215311
767	NODE_0003805	2.4470727018205953	6	0.0	0.0	0.0	0.0	1.0	0.0	0.0	1.0	0.0	0.0
768	NODE_0003924	2.4470727018205953	6	0.0	0.0	0.0	0.0	1.0	0.0	0.0	1.0	0.0	0.0
769	NODE_0003815	2.4470727018205953	6	0.0	0.0	0.0	0.0	1.0	0.0	0.0	1.0	0.0	0.0
770	NODE_0003825	2.4470727018205953	6	0.0	0.0	0.0	0.0	1.0	0.0	0.0	1.0	0.0	0.0
771	NODE_0003939	2.4470727018205953	6	0.0	0.0	0.0	0.0	1.0	0.0	0.0	1.0	0.0	0.0
772	NODE_0003835	2.4470727018205953	6	0.0	0.0	0.0	0.0	1.0	0.0	0.0	1.0	0.0	0.0
773	NODE_0003875	2.4470727018205953	6	0.0	0.0	0.0	0.0	1.0	0.0	0.0	0.9767441860465116	0.0	0.0
774	NODE_0003957	2.4470727018205953	6	0.0	0.0	0.0	0.0	1.0	0.0	0.0	1.0	0.0	0.0
775	NODE_0003888	2.4470727018205953	6	0.0	0.0	0.0	0.0	1.0	0.0	0.0	0.967741935483871	0.0	0.0
776	NODE_0003969	2.4470727018205953	6	0.0	0.0	0.0	0.0	1.0	0.0	0.0	0.9615384615384616	0.0	0.0
777	NODE_0003970	2.4470727018205953	6	0.0	0.0	0.0	0.0	1.0	0.0	0.0	1.0	0.0	0.0
778	NODE_0003974	2.4470727018205953	6	0.0	0.0	0.0	0.0	1.0	0.0	0.0	1.0	0.0	0.0
779	NODE_0003977	2.4470727018205953	6	0.0	0.0	0.0	0.0	1.0	0.0	0.0	1.0	0.0	0.0
780	NODE_0003979	2.4470727018205953	6	0.0	0.0	0.0	0.0	1.0	0.0	0.0	1.0	0.0	0.0
781	NODE_0003980	2.4470727018205953	6	0.0	0.0	0.0	0.0	1.0	0.0	0.0	1.0	0.0	0.0
782	NODE_0003981	2.4470727018205953	6	0.0	0.0	0.0	0.0	1.0	0.0	0.0	1.0	0.0	0.0
783	NODE_0003982	2.4470727018205953	6	0.0	0.0	0.0	0.0	1.0	0.0	0.0	1.0	0.0	0.0
784	NODE_0003984	2.4470727018205953	6	0.0	0.0	0.0	0.0	1.0	0.0	0.0	1.0	0.0	0.0
785	NODE_0003985	2.4470727018205953	6	0.0	0.0	0.0	0.0	1.0	0.0	0.0	1.0	0.0	0.0
786	NODE_0003993	2.4470727018205953	6	0.0	0.0	0.0	0.0	1.0	0.0	0.0	1.0	0.0	0.0
787	NODE_0003994	2.4470727018205953	6	0.0	0.0	0.0	0.0	1.0	0.0	0.0	1.0	0.0	0.0
788	NODE_0004001	2.4470727018205953	6	0.0	0.0	0.0	0.0	1.0	0.0	0.0	1.0	0.0	0.0
789	NODE_0004005	2.4470727018205953	6	0.0	0.0	0.0	0.0	1.0	0.0	0.0	1.0	0.0	0.0
790	NODE_0004007	2.4470727018205953	6	0.0	0.0	0.0	0.0	1.0	0.0	0.0	1.0	0.0	0.0
791	NODE_0004011	2.4470727018205953	6	0.0	0.0	0.0	0.0	1.0	0.0	0.0	1.0	0.0	0.0
792	NODE_0004015	2.4470727018205953	6	0.0	0.0	0.0	0.0	1.0	0.0	0.0	1.0	0.0	0.0
793	NODE_0004018	2.4470727018205953	6	0.0	0.0	0.0	0.0	1.0	0.0	0.0	1.0	0.0	0.0
794	NODE_0004020	2.4470727018205953	6	0.0	0.0	0.0	0.0	1.0	0.0	0.0	1.0	0.0	0.0
795	NODE_0004021	2.4470727018205953	6	0.0	0.0	0.0	0.0	1.0	0.0	0.0	1.0	0.0	0.0
796	NODE_0004022	2.4470727018205953	6	0.0	0.0	0.0	0.0	1.0	0.0	0.0	1.0	0.0	0.0
797	NODE_0003735	5.73978894425738	6	0.0	0.0	0.0	0.0	1.0	0.0	0.0	1.0	0.0	0.014705882352941176
798	NODE_0003736	5.740053614640501	6	0.0	0.0	0.0	0.0	1.0	0.0	0.0	1.0	0.0	0.014925373134328358
799	NODE_0004038	5.740053614640501	6	0.0	0.0	0.0	0.0	1.0	0.0	0.0	1.0	0.0	0.021739130434782608
800	NODE_0004045	5.740053614640501	6	0.0	0.0	0.0	0.0	1.0	0.0	0.0	1.0	0.0	0.0
801	NODE_0004048	5.740053614640501	6	0.0	0.0	0.0	0.0	1.0	0.0	0.0	1.0	0.0	0.0
802	NODE_0004049	5.740053614640501	6	0.0	0.0	0.0	0.0	1.0	0.0	0.0	1.0	0.0	0.0
803	NODE_0004058	5.740053614640501	6	0.0	0.0	0.0	0.0	1.0	0.0	0.0	1.0	0.0	0.0
804	NODE_0004060	5.740053614640501	6	0.0	0.0	0.0	0.0	1.0	0.0	0.0	1.0	0.0	0.0
805	NODE_0004061	5.740053614640501	6	0.0	0.0	0.0	0.0	1.0	0.0	0.0	1.0	0.0	0.0
806	NODE_0004071	5.740053614640501	6	0.0	0.0	0.0	0.0	1.0	0.0	0.0	1.0	0.0	0.0
807	NODE_0004072	5.740053614640501	6	0.0	0.0	0.0	0.0	1.0	0.0	0.0	1.0	0.0	0.0
